plant_id,pop,sex,x_meters,y_meters,total_flowers_used,total_fruit_flower_remnants,total_flowers_per_plant,stem_length_cm,inflorescence_length_cm,tot_plant_height_cm,plant_damaged,damage_type,comments_phenotyping,comments_tissue_collection,,,,,,
1,JWDC,H,0.858824615,8.719792652,1,12,13,43.18,12.065,55.245,N,NA,,no pollen collected,,,,,,
2,JWDC,H,2.708448451,7.81050902,3,9,12,34.6075,13.97,48.5775,N,NA,,,,,,,,
3,JWDC,H,3.242974164,6.977404762,4,15,19,41.275,26.67,67.945,Y,BROKE (INTACT),,,,,,,,
4,JWDC,H,3.255674164,6.990104762,4,22,26,58.42,24.13,82.55,Y,BROKE (INTACT),,"""only 1 pollen"" (i.e., 2 flowers collected for pollen, but only 1 flower had pollen)",,,,,,
5,JWDC,H,3.255674164,6.945654762,4,17,21,60.96,20.955,81.915,N,NA,,,,,,,,
6,JWDC,H,2.530442485,7.072112977,4,32,36,28.575,50.8,79.375,N,NA,,,,,,,,
7,JWDC,H,2.71168472,6.928300947,4,22,26,31.115,52.705,83.82,Y,BROKE (INTACT),,,,,,,,
8,JWDC,H,2.292908965,6.82802099,1,4,5,22.86,11.43,34.29,Y,HERBIVORY,,"""eaten off"" (i.e., evidence of inflorescence herbivory)",,,,,,
9,JWDC,H,1.696074085,5.845969279,2,15,17,38.1,34.29,72.39,N,NA,,,,,,,,
10,JWDC,H,1.711949085,5.839619279,1,NA,NA,33.02,43.18,76.2,Y,BROKE (DEAD),,,,,,,,
11,JWDC,H,-1.585561324,-7.161236553,4,41,45,19.05,48.26,67.31,N,NA,,,,,,,,
12,JWDC,H,-1.636361324,-7.110436553,0,38,38,52.705,26.035,78.74,Y,BROKE (INTACT),,"""broken"" (i.e., inflorescence damaged; no evidence of herbivory)",,,,,,
13,JWDC,H,-5.200806287,-7.620525068,2,9,11,29.21,8.89,38.1,N,NA,,"flower ""used for pollen"" was recycled as a preserved flower",,,,,,
14,JWDC,H,-5.208529634,-10.30907817,0,NA,NA,NA,NA,54.61,Y,BROKE (NOT INTACT),,,,,,,,
15,JWDC,H,-5.214879634,-10.29637817,2,NA,NA,NA,NA,57.15,Y,BROKE (NOT INTACT),,"""only 1 pollen"" (i.e., 2 flowers collected for pollen, but only 1 flower had pollen)",,,,,,
16,JWDC,H,-5.237104634,-10.31542817,0,NA,NA,NA,NA,63.5,Y,BROKE (INTACT),"HERBIVORY? (original Excel sheet reads ""eaten?"" in the comments section but ""broken and intact"" in the damage type section)",,,,,,,
17,JWDC,H,-5.246629634,-10.32177817,2,17,19,48.26,16.51,64.77,Y,HERBIVORY?,,"""only 1 pollen"" (i.e., 2 flowers collected for pollen, but only 1 flower had pollen)",,,,,,
18,JWDC,U,-6.893566977,-11.48853817,0,17,17,31.75,15.24,46.99,Y,HERBIVORY,,"""possibly female""",,,,,,
19,JWDC,F,-6.893566977,-11.44091317,0,16,16,31.75,17.78,49.53,Y,BROKE (INTACT),,,,,,,,
20,JWDC,H,-7.170044979,-10.73073063,4,31,35,28.575,53.34,81.915,Y,BROKE (INTACT),,,,,,,,
21,JWDC,H,-7.11067422,-10.41897509,4,12,16,53.34,10.16,63.5,Y,BROKE (INTACT),,"""A"" = 2 pollen tubes collected, but may only have 1 w/ pollen",,,,,,
22,JWDC,H,-6.78602434,-16.20079242,2,12,14,36.83,17.145,53.975,Y,BROKE (INTACT),,"""preserved flowers were drying up/a little old when collected""",,,,,,
23,JWDC,H,-6.77332434,-16.16269242,2,NA,NA,NA,NA,40.64,Y,BROKE (NOT INTACT),,"2 flowers collected for pollen, but neither had it",,,,,,
24,JWDC,H,-11.47173422,-14.68640362,0,7,7,37.465,15.24,52.705,Y,BROKE (INTACT),,,,,,,,
25,JWDC,H,-12.11927701,-14.47450614,3,12,15,39.37,18.415,57.785,N,NA,,"""B"" = very little pollen; almost out of male phase when pollen was collected; 1 flower used exclusively for pollen & it had it; 2 flowers were collected exclusively for preservation (i.e., 3 ""total flowers"" were used = what's written on the sheet)",,,,,,
26,JWDC,H,-16.73366183,-16.09572794,2,35,37,38.735,41.91,80.645,N,NA,,,,,,,,
27,JWDC,NF,-16.75588683,-16.10525294,0,NA,NA,NA,NA,24.765,Y,BROKE (NOT INTACT),,,,,,,,
28,JWDC,H,-16.75906183,-16.09572794,0,NA,NA,NA,NA,46.99,Y,HERBIVORY,,,,,,,,
29,JWDC,H,-16.74318683,-16.07032794,3,27,30,43.18,35.56,78.74,N,NA,,"""preserved flowers were drying up/a little old when collected""; 2 flowers collected for pollen, but neither had it",,,,,,
30,JWDC,H,-19.34025745,-13.57835188,4,25,29,21.59,33.655,55.245,Y,HERBIVORY?,,,,,,,,
31,JWDC,H,-19.63927447,-13.16773745,4,40,44,26.67,31.115,57.785,N,NA,,,,,,,,
32,JWDC,H,-27.84285687,-12.18893094,5,7,12,34.29,13.335,47.625,Y,MOWED?,,"""C"" = 1 tube w/ very little pollen",,,,,,
33,JWDC,H,-31.54893878,-2.293063582,0,0,0,NA,NA,NA,Y,MOWED,"ask Andrea about ""tot_fruit_flower_remnants"" (i.e., ""0"" versus ""NA""); ""mowed as of 09/23/18"" (flush to ground)",,,,,,,
34,JWDC,H,-31.56867527,-1.405313527,0,0,0,NA,NA,NA,Y,MOWED,"ask Andrea about ""tot_fruit_flower_remnants"" (i.e., ""0"" versus ""NA""); ""mowed as of 09/23/18"" (flush to ground)",,,,,,,
35,JWDC,H,-31.59725027,-1.376738527,0,0,0,NA,NA,NA,Y,MOWED,"ask Andrea about ""tot_fruit_flower_remnants"" (i.e., ""0"" versus ""NA""); ""mowed as of 09/23/18"" (flush to ground)",,,,,,,
36,JWDC,NF,-31.61947527,-1.357688527,0,0,0,NA,NA,NA,Y,MOWED,"ask Andrea about ""tot_fruit_flower_remnants"" (i.e., ""0"" versus ""NA""); ""mowed as of 09/23/18"" (flush to ground)",,,,,,,
37,JWDC,H,-31.58772527,-1.348163527,0,0,0,NA,NA,NA,Y,MOWED,"ask Andrea about ""tot_fruit_flower_remnants"" (i.e., ""0"" versus ""NA""); ""mowed as of 09/23/18"" (flush to ground)",,,,,,,
38,JWDC,H,-31.61312527,-1.341813527,0,0,0,NA,NA,NA,Y,MOWED,"ask Andrea about ""tot_fruit_flower_remnants"" (i.e., ""0"" versus ""NA""); ""mowed as of 09/23/18"" (flush to ground)",,,,,,,
39,JWDC,H,-34.31684536,-12.06786691,2,0,2,NA,NA,33.528,Y,BROKE (DEAD),"""see notebook;"" notebook says ""no discernible flowers/fruits;"" ""died;"" ask Andrea about ""tot_fruit_flower_remnants"" (i.e., ""0"" versus ""NA"")",,,,,,,
40,JWDC,H,-34.31367036,-12.08374191,5,0,5,NA,NA,64.008,Y,BROKE (DEAD),"""see notebook;"" notebook says ""no discernible flowers/fruits;"" ""died;"" ask Andrea about ""tot_fruit_flower_remnants"" (i.e., ""0"" versus ""NA"")",,,,,,,
41,JWDC,H,-33.90322416,-13.23671743,0,25,25,39.37,26.035,65.405,N,NA,,,,,,,,
42,JWDC,H,-32.8536314,-13.50705189,4,14,18,47.625,15.875,63.5,Y,HERBIVORY,,,,,,,,
43,JWDC,H,-32.8790314,-13.50705189,2,NA,NA,NA,NA,44.45,Y,HERBIVORY,,"flower ""used for pollen"" was recycled as a preserved flower",,,,,,
44,JWDC,H,-32.8790314,-13.54515189,2,17,19,46.99,15.875,62.865,N,NA,,,,,,,,
45,JWDC,H,-32.35831281,-14.95800613,2,7,9,53.975,6.6675,60.6425,Y,BROKE (NOT INTACT),"""see notebook"" (values for ""tot_fruits_collected"" and data on height/length recorded in field notebook); ""fruits unripe""",,,,,,,
46,JWDC,H,-32.37736281,-14.98340613,0,12,12,59.055,11.43,70.485,Y,HERBIVORY,,,,,,,,
47,JWDC,H,-32.38371281,-14.95165613,1,1,2,51.816,0,51.816,Y,BROKE (NOT INTACT),"""see notebook"" (values for ""tot_fruits_collected"" and data on height/length recorded in field notebook); ""fruits unripe""; only 1 fruit at VERY end of stem, so ""stem_length"" = ""total_plant height"" (and ""inflorescence_length"" = 0)","1 flower collected for pollen, but it did not have it",,,,,,
48,JWDC,H,-33.96188211,-13.98470771,0,NA,NA,NA,NA,17.145,Y,BROKE (DEAD),"""died?""","""poor quality leaves""",,,,,,
49,JWDC,H,-33.98093211,-13.97200771,0,NA,NA,NA,NA,34.29,Y,HERBIVORY?,,,,,,,,
50,JWDC,H,-38.75958462,-14.93360756,1,3,4,27.94,3.4925,31.4325,Y,HERBIVORY,,,,,,,,
51,JWDC,H,-39.72029563,-13.6225205,4,30,34,42.672,30.7848,73.4568,Y,BROKE (NOT INTACT),"""see notebook"" (values for ""tot_fruits_collected"" and data on height/length recorded in field notebook); fruits may be unripe; notebook says I collected 10 fruits (t=2, m=4, b=4) instead of 6; check total fruits collected for plant #51 while seed cleaning","2 flowers collected for pollen, but only 1 had it",,,,,,
52,JWDC,H,-39.87904563,-13.6034705,0,NA,NA,NA,NA,64.77,Y,HERBIVORY?,,,,,,,,
53,JWDC,H,-39.82824563,-13.5653705,1,8,9,50.8,12.065,62.865,Y,HERBIVORY?,,,,,,,,
54,JWDC,H,-39.85682063,-13.6034705,0,NA,NA,NA,NA,71.755,Y,HERBIVORY?,,,,,,,,
55,JWDC,H,-42.4682776,-14.93549913,3,7,10,22.86,13.97,36.83,Y,HERBIVORY,,"""poor quality leaves"" (at least one, anyway)",,,,,,
56,JWDC,H,-42.4111276,-14.96089913,3,4,7,27.94,6.35,34.29,Y,HERBIVORY,,"""preserved flowers were drying up/a little old when collected""",,,,,,
57,JWDC,H,-42.4555776,-14.88469913,0,31,31,33.02,36.195,69.215,N,NA,,,,,,,,
58,JWDC,H,-42.4143026,-14.84024913,2,NA,NA,NA,NA,24.13,Y,HERBIVORY,,,,,,,,
59,JWDC,H,-43.04861844,-12.76116459,3,8,11,38.735,10.16,48.895,N,NA,,,,,,,,
60,JWDC,H,-43.49410841,-12.40700083,2,22,24,40.64,13.6525,54.2925,N,NA,,"flowers ""used for pollen"" were recycled as preserved flowers",,,,,,
61,JWDC,H,-44.53980975,-13.4347305,0,5,5,22.225,7.62,29.845,Y,HERBIVORY,,,,,,,,
62,JWDC,H,-44.50170975,-13.4664805,0,5,5,19.05,5.715,24.765,Y,HERBIVORY,,,,,,,,
63,JWDC,F,-42.57318162,-24.55479715,1,6,7,22.86,4.445,27.305,Y,MOWED?,,,,,,,,
64,JWDC,GM,-41.98489483,-25.35247451,4,46,50,35.56,32.385,67.945,N,NA,,,,,,,,
65,JWDC,H,-36.25063333,-25.26862693,3,NA,NA,NA,NA,26.67,Y,HERBIVORY,,,,,,,,
66,JWDC,H,-36.23158333,-25.24957693,4,13,17,20.32,22.86,43.18,N,NA,,,,,,,,
67,JWDC,H,-36.21253333,-25.26862693,2,36,38,26.67,43.18,69.85,Y,HERBIVORY,"check total fruits collected for plant #67 while seed cleaning; individual totals (i.e., t + m + b) and ""tot_fruits_collected"" don't match",,,,,,,
68,JWDC,F,-35.12108928,-24.26798864,3,NA,NA,NA,NA,26.3525,Y,MOWED,"""mowed as of 09/23/18"" according to field notes; a later Excel sheet reads ""dead"" (but plant broke and died as a result of mowing)","""broke off"" (i.e., broken during tissue collection; no evidence of herbivory)",,,,,,
69,JWDC,F,-35.08933928,-24.25528864,0,NA,NA,NA,NA,25.4,Y,MOWED,"""mowed as of 09/23/18"" according to field notes; a later Excel sheet reads ""dead"" (but plant broke and died as a result of mowing)",,,,,,,
70,JWDC,F,-35.27564446,-23.93708376,0,NA,NA,NA,NA,NA,Y,MOWED,,,,,,,,
71,JWDC,F,-35.22801946,-23.92755876,0,NA,NA,NA,NA,NA,Y,MOWED,,,,,,,,
72,JWDC,F,-35.23754446,-23.94978376,0,NA,NA,NA,NA,NA,Y,MOWED,,,,,,,,
73,JWDC,F,-35.25341946,-23.88628376,0,NA,NA,NA,NA,NA,Y,MOWED,,,,,,,,
74,JWDC,F,-35.20261946,-23.91485876,NA,NA,NA,NA,NA,NA,Y,MOWED,,"""4 [leaves] & flowers"" collected; ""broke off""; count # buds or flowers collected before DNA extraction",,,,,,
75,JWDC,F,-35.18674446,-23.92755876,0,NA,NA,NA,NA,NA,Y,MOWED,,,,,,,,
76,JWDC,F,-33.72583011,-23.80000785,2,67,69,51.435,25.4,76.835,Y,HERBIVORY,,,,,,,,
77,JWDC,F,-33.68138011,-23.73650785,0,38,38,NA,NA,NA,Y,HERBIVORY,"plant height/inflorescence length data missing on original Excel sheet (i.e., hardcopy); no notes in notebook ","""1 big leaf; 3 small leaves""",,,,,,
78,JWDC,H,-36.06626743,-21.98308669,2,67,69,54.61,49.53,104.14,Y,BROKE (INTACT),"SFMF = ""seeds from many fruits"" (collected in same envelope) ","""little pollen""; 2 flowers collected for pollen, but only 1 had it",,,,,,
79,JWDC,H,-36.13611743,-21.91323669,0,74,74,57.15,71.12,128.27,Y,BROKE (INTACT),,,,,,,,
80,JWDC,H,-35.74993228,-21.19978397,4,13,17,46.99,40.005,86.995,Y,BROKE (INTACT),,,,,,,,
81,JWDC,H,-35.74993228,-21.22518397,4,30,34,59.69,54.61,114.3,Y,BROKE (INTACT),,,,,,,,
82,JWDC,H,-20.77675874,-24.03149619,5,100,105,24.13,67.945,92.075,Y,HERBIVORY,,"3 flowers used for pollen collection, but only 2 had it",,,,,,
83,JWDC,H,-24.98010043,-20.33687123,5,NA,NA,NA,NA,59.69,Y,HERBIVORY,,"3 flowers used for pollen collection, but only 1 had it",,,,,,
84,JWDC,H,-25.04360043,-20.32417123,0,40,40,46.99,26.035,73.025,N,NA,,,,,,,,
85,JWDC,H,-25.00550043,-20.28607123,1,NA,NA,NA,NA,53.975,Y,HERBIVORY,,,,,,,,
86,JWDC,H,-25.45571479,-19.18674247,0,26,26,30.48,31.75,62.23,N,NA,,,,,,,,
87,JWDC,H,-25.13495014,-18.82909884,2,20,22,28.575,15.24,43.815,Y,BROKE (NOT INTACT),"""see notebook"" (values for ""tot_fruits_collected"" and data on height/length recorded in field notebook); ""no evidence of herbivory…but hard to tell"" (per field notes), but I damaged (broke) the plant while phenotyping it",,,,,,,
88,JWDC,H,-25.15082514,-18.79734884,2,NA,NA,NA,NA,41.275,Y,BROKE (DEAD),,,,,,,,
89,JWDC,H,-25.01936615,-17.72701487,4,26,30,35.56,29.21,64.77,Y,HERBIVORY,,,,,,,,
90,JWDC,H,-25.06381615,-17.80638987,3,22,25,51.435,18.0975,69.5325,N,NA,,,,,,,,
91,JWDC,H,-25.01264138,-18.48124085,3,25,28,47.625,24.13,71.755,N,NA,,,,,,,,
92,JWDC,H,-26.26652258,-18.04797949,1,23,24,41.91,20.955,62.865,N,NA,,"1 flower collected for pollen, but it did not have it",,,,,,
93,JWDC,H,-26.52414409,-18.06258594,2,10,12,34.29,10.16,44.45,N,NA,,"2 flowers collected for pollen, but only 1 had it",,,,,,
94,JWDC,H,-26.56129508,-17.80989754,1,NA,NA,40.64,16.51,57.15,Y,HERBIVORY,,,,,,,,
95,JWDC,H,-27.18494292,-17.88901398,2,22,24,33.02,34.925,67.945,Y,BROKE (INTACT),,"2 flowers preserved, but only 1 used for pollen (i.e., no flower was used exclusively for pollen; it was ""recycled"")",,,,,,
96,JWDC,H,-27.80338625,-21.95874247,0,2,2,31.115,3.81,34.925,Y,HERBIVORY,,,,,,,,
97,JWDC,H,-27.77798625,-22.00001747,0,5,5,30.48,11.43,41.91,Y,HERBIVORY,,,,,,,,
98,JWDC,F,-38.58711402,-27.92816204,0,42,42,63.5,35.56,99.06,N,NA,"SFMF = ""seeds from many fruits"" (collected in same envelope) ",,,,,,,
99,JWDC,F,-39.30800237,-28.98481703,0,13,13,52.07,15.24,67.31,Y,BROKE (INTACT),"SFMF = ""seeds from many fruits"" (collected in same envelope) ","""1 sub-par leaf""",,,,,,
100,JWDC,F,-39.32019328,-28.00023324,0,73,73,50.8,53.34,104.14,N,NA,,,,,,,,
101,JWDC,H,NA,NA,0,NA,NA,NA,NA,NA,NA,NA,plant missing (could not be relocated),,,,,,,
102,JWDC,H,-53.8367415,-27.84676331,1,NA,NA,NA,NA,17.78,Y,BROKE (DEAD),,"""little pollen""",,,,,,
103,JWDC,F,-41.19496168,-26.29389909,2,8,10,36.83,6.985,43.815,Y,HERBIVORY,"check total fruits collected for plant #103 while seed cleaning; individual totals (i.e., t + m + b) and ""tot_fruits_collected"" don't match",,,,,,,
201,PS,H,-1.3208,-0.7366,4,41,45,34.29,37.465,71.755,Y,HERBIVORY,,,,,,,,
202,PS,H,-1.2954,-0.7366,2,16,18,40.005,14.605,54.61,Y,HERBIVORY,,flower used for pollen collection was left on plant,,,,,,
203,PS,H,-1.3335,-0.7366,2,17,19,43.815,13.97,57.785,N,NA,,,,,,,,
204,PS,H,-1.3843,-0.7747,3,48,51,27.94,52.07,80.01,Y,HERBIVORY,,"flower used for pollen collection was either left on plant or ""recycled"" as a preserved specimen",,,,,,
205,PS,H,-1.397,-0.7747,4,29,33,36.83,29.21,66.04,Y,HERBIVORY?,,,,,,,,
206,PS,H,-1.3462,-0.6985,4,16,20,43.18,19.685,62.865,Y,HERBIVORY?,,,,,,,,
207,PS,H,-1.3462,-0.6731,5,27,32,40.005,21.59,61.595,Y,HERBIVORY,,,,,,,,
208,PS,H,-1.3843,-0.7112,2,16,18,40.64,10.795,51.435,Y,HERBIVORY,,,,,,,,
209,PS,H,-1.397,-0.6985,4,49,53,45.72,28.575,74.295,N,NA,,,,,,,,
210,PS,F,-1.3462,-0.6604,2,12,14,36.195,13.335,49.53,Y,BROKE (DEAD),,,,,,,,
211,PS,F,-0.0889,-0.10795,2,32,34,37.465,35.56,73.025,Y,BROKE (INTACT),,,,,,,,
212,PS,F,-1.1049,0.1778,2,7,9,48.895,22.225,71.12,Y,HERBIVORY,,,,,,,,
213,PS,F,-1.905,-0.762,2,44,46,35.56,35.56,71.12,N,NA,,,,,,,,
214,PS,F,-1.9431,-0.7874,2,52,54,33.02,28.575,61.595,Y,HERBIVORY,,,,,,,,
215,PS,F,-1.9812,-0.7747,2,44,46,33.655,22.86,56.515,Y,HERBIVORY,,,,,,,,
216,PS,F,-2.0066,-0.7366,2,46,48,31.75,20.32,52.07,Y,HERBIVORY,,,,,,,,
217,PS,F,-1.9812,-0.727075,2,8,10,27.94,8.255,36.195,Y,HERBIVORY,,,,,,,,
218,PS,F,-1.9431,-0.7112,2,21,23,40.64,11.43,52.07,Y,BROKE (INTACT),,,,,,,,
219,PS,H,-1.6764,-0.1905,2,31,33,46.99,39.37,86.36,N,NA,,,,,,,,
220,PS,H,-1.651,-0.1905,2,46,48,48.26,60.96,109.22,Y,BROKE (INTACT),,,,,,,,
221,PS,H,-2.413,-0.8001,6,14,20,27.305,16.51,43.815,Y,BROKE (NOT INTACT),"""beside 223""",,,,,,,
222,PS,H,-2.4511,-0.7874,6,32,38,38.1,25.4,63.5,Y,HERBIVORY,,,,,,,,
223,PS,H,-2.413,-0.7874,5,14,19,35.56,12.7,48.26,Y,HERBIVORY?,,,,,,,,
224,PS,H,-2.4638,-0.8001,6,27,33,38.1,22.86,60.96,N,NA,,,,,,,,
225,PS,F,-2.8829,-1.1938,3,17,20,20.32,24.13,44.45,N,NA,,,,,,,,
226,PS,H,-2.8702,-1.1684,3,7,10,27.305,12.065,39.37,Y,HERBIVORY,"check total fruits collected for plant #226 while seed cleaning; individual totals (i.e., t + m + b) and ""tot_fruits_collected"" don't match",,,,,,,
227,PS,H,-2.794,-0.9906,5,14,19,29.21,17.78,46.99,N,NA,,,,,,,,
228,PS,F,-3.2766,-1.3843,3,43,46,29.21,41.91,71.12,Y,BROKE (INTACT),,,,,,,,
229,PS,H,-3.6703,-1.39065,2,6,8,26.67,8.255,34.925,Y,HERBIVORY,,,,,,,,
230,PS,F,-3.4671,-0.635,4,30,34,44.45,22.86,67.31,Y,BROKE (INTACT),,,,,,,,
231,PS,F,-3.4544,-0.61595,3,8,11,29.21,9.525,38.735,Y,HERBIVORY,,,,,,,,
232,PS,F,-3.4163,-0.5461,0,5,5,20.955,5.715,26.67,Y,HERBIVORY?,,"""no flowers""",,,,,,
233,PS,H,-3.556,-0.6223,2,17,19,33.02,21.59,54.61,Y,BROKE (INTACT),"""broken?"" (per notebook)",,,,,,,
234,PS,H,-3.5433,-0.5715,3,26,29,35.56,29.21,64.77,N,NA,,,,,,,,
235,PS,H,-3.5306,-0.5842,1,7,8,25.4,11.43,36.83,Y,BROKE (INTACT),"""broken?"" (per notebook)","""1 flower""; tube w/ preserved flower labeled ""235 A"" (but ""235 B"" does not exist)",,,,,,
236,PS,F,-3.3528,-0.5588,2,14,16,29.21,17.78,46.99,Y,HERBIVORY,,,,,,,,
237,PS,H,-3.4544,-0.4191,4,38,42,43.18,29.21,72.39,N,NA,,,,,,,,
238,PS,F,-3.4671,-0.61595,4,NA,NA,NA,NA,NA,Y,BROKE (NOT INTACT),"""broken at ground; beside 231""","""broke"" (broken stem)",,,,,,
239,PS,H,-3.429,-0.3937,5,16,21,39.37,20.32,59.69,Y,HERBIVORY,,,,,,,,
240,PS,H,-3.5052,-0.41275,3,8,11,34.29,11.43,45.72,Y,HERBIVORY,,,,,,,,
241,PS,H,-3.4671,-0.40005,5,9,14,40.005,10.16,50.165,Y,BROKE (INTACT),"""broken?"" (per notebook); fruits unripe",,,,,,,
242,PS,H,-3.4417,-0.3683,3,3,6,NA,NA,41.91,Y,BROKE (DEAD),,,,,,,,
243,PS,H,-2.9591,-0.42545,5,26,31,34.29,15.24,49.53,Y,HERBIVORY,,,,,,,,
244,PS,H,-3.0099,-0.3937,5,15,20,44.45,12.7,57.15,N,NA,,,,,,,,
245,PS,H,-3.0226,-0.3937,6,18,24,45.72,15.24,60.96,Y,HERBIVORY,all fruits unripe,,,,,,,
246,PS,H,-2.9464,-0.40005,7,11,18,50.8,7.62,58.42,Y,BROKE (INTACT),"""broken?"" (per notebook)",,,,,,,
247,PS,H,-2.9464,-0.3937,8,9,17,38.735,11.43,50.165,Y,HERBIVORY,,"""broke + 2 flowers"" (2 add'l flowers manually added to total)",,,,,,
248,PS,H,-2.9591,-0.381,6,16,22,34.29,17.145,51.435,Y,BROKE (INTACT),"""broken?"" (per notebook)",,,,,,,
249,PS,H,-2.97815,-0.3556,5,12,17,39.37,10.795,50.165,Y,HERBIVORY?,,,,,,,,
250,PS,H,-3.1623,-0.2413,2,6,8,36.195,8.255,44.45,N,NA,,,,,,,,
251,PS,H,-3.1623,-0.20955,5,20,25,38.4175,18.7325,57.15,N,NA,,,,,,,,
252,PS,H,-2.9972,-0.37465,3,10,13,41.275,17.145,58.42,Y,BROKE (DEAD),,,,,,,,
253,PS,H,-2.4638,-0.2286,2,12,14,46.6725,14.605,61.2775,Y,BROKE (INTACT),"""broken?"" (per notebook)",,,,,,,
254,PS,H,-2.49555,-0.2159,4,18,22,40.9575,22.5425,63.5,Y,BROKE (INTACT),,,,,,,,
255,PS,H,-2.4892,-0.2032,5,26,31,41.275,34.29,75.565,N,NA,,,,,,,,
256,PS,F,-2.1971,-0.1905,3,44,47,43.815,15.875,59.69,N,NA,,,,,,,,
257,PS,F,-2.22504,-0.19685,2,6,8,31.115,8.255,39.37,Y,BROKE (INTACT),,"""broke""",,,,,,
258,PS,F,-2.228088,-0.18415,2,6,8,41.5925,6.35,47.9425,N,NA,,,,,,,,
259,PS,F,-3.74904,0.0254,3,24,27,32.0675,11.7475,43.815,Y,HERBIVORY,,"""away from cluster""",,,,,,
260,PS,H,-3.29184,-0.0635,6,18,24,30.7975,15.875,46.6725,Y,BROKE (INTACT),,,,,,,,
261,PS,H,-3.270504,-0.0381,6,14,20,28.575,21.2725,49.8475,Y,HERBIVORY,,,,,,,,
262,PS,F,-2.62128,1.143,0,10,10,43.815,12.7,56.515,N,NA,,,,,,,,
263,PS,F,-3.01752,0.2921,0,21,21,51.1175,20.0025,71.12,N,NA,,,,,,,,
264,PS,F,-3.102864,0.2794,2,14,16,41.5925,15.5575,57.15,Y,BROKE (INTACT),,,,,,,,
265,PS,F,-3.026664,0.2667,2,14,16,40.64,19.3675,60.0075,N,NA,,,,,,,,
266,PS,F,-3.00228,0.2667,0,12,12,45.72,16.8275,62.5475,N,NA,,,,,,,,
267,PS,F,-2.98704,0.2794,2,NA,NA,NA,NA,31.75,Y,HERBIVORY,,,,,,,,
268,PS,F,-3.209544,0.2286,0,8,8,30.48,9.525,40.005,Y,HERBIVORY?,,,,,,,,
269,PS,F,-3.160776,0.1778,2,8,10,30.7975,13.6525,44.45,Y,HERBIVORY,"""+4"" written to the left of plant_id (i.e., plant #269) in notebook; try analysis with and without 4 extra flowers ",,,,,,,
270,PS,F,-3.06324,0.2286,1,16,17,42.2275,16.8275,59.055,N,NA,,,,,,,,
271,PS,F,-3.054096,0.2667,3,11,14,43.815,12.065,55.88,N,NA,,,,,,,,
272,PS,F,-3.069336,0.1778,1,NA,NA,NA,NA,31.75,Y,BROKE (INTACT),,,,,,,,
273,PS,F,-3.066288,0.2032,2,22,24,39.6875,24.13,63.8175,N,NA,,,,,,,,
274,PS,F,-3.13944,0.1905,2,12,14,40.005,13.0175,53.0225,N,NA,,,,,,,,
275,PS,H,-2.84988,0.2032,6,28,34,41.91,30.7975,72.7075,N,NA,,,,,,,,
276,PS,F,-2.84988,0.06985,2,20,22,35.56,22.225,57.785,Y,HERBIVORY,,,,,,,,
277,PS,F,-2.798064,0.0635,3,14,17,42.545,14.2875,56.8325,N,NA,,,,,,,,
278,PS,F,-2.798064,0.0381,2,7,9,37.7825,8.89,46.6725,Y,BROKE (INTACT),,,,,,,,
279,PS,H,-2.5908,0.3048,3,17,20,50.165,13.97,64.135,N,NA,,,,,,,,
280,PS,H,-2.5908,0.3302,5,9,14,40.64,6.35,46.99,Y,HERBIVORY,,,,,,,,
281,PS,H,-2.57556,0.33655,0,8,8,36.83,8.255,45.085,Y,HERBIVORY,,,,,,,,
282,PS,H,-2.48412,0.52705,4,12,16,45.72,11.43,57.15,Y,BROKE (INTACT),"""plant stepped on [during phenotyping]""",,,,,,,
283,PS,H,-2.46888,0.5334,2,8,10,46.355,5.715,52.07,Y,BROKE (DEAD),,,,,,,,
284,PS,H,-2.462784,0.5461,3,8,11,41.91,5.715,47.625,Y,BROKE (DEAD),,,,,,,,
285,PS,H,-2.49936,0.5588,3,12,15,38.735,12.7,51.435,N,NA,,,,,,,,
286,PS,H,-2.5146,0.55245,2,10,12,30.48,10.795,41.275,N,NA,,"flowers used for pollen collection were either left on plant or ""recycled"" as preserved specimens",,,,,,
287,PS,H,-2.462784,0.57785,2,6,8,31.115,6.35,37.465,N,NA,,,,,,,,
288,PS,H,-2.444496,0.60325,2,6,8,25.4,5.08,30.48,Y,HERBIVORY,,"flower used for pollen collection was either left on plant or ""recycled"" as a preserved specimen",,,,,,
289,PS,H,-2.25552,0.22225,21,2,23,53.34,5.715,59.055,Y,BROKE (NOT INTACT),"""add flowers collected""","""broke + 11 flowers"" (11 add'l flowers manually added to total)",,,,,,
290,PS,H,-2.24028,0.2159,3,10,13,26.035,11.43,37.465,Y,HERBIVORY?,,,,,,,,
291,PS,H,-2.22504,0.2032,5,12,17,44.45,10.16,54.61,Y,BROKE (NOT INTACT),,"""1 flower old"" ",,,,,,
292,PS,H,-2.22504,0.23495,4,NA,NA,NA,NA,52.07,Y,BROKE (NOT INTACT),,,,,,,,
293,PS,H,-2.2098,0.2413,5,15,20,66.04,10.16,76.2,N,NA,,"""1 [tube with a] very small amount of pollen""",,,,,,
294,PS,H,-2.200656,0.2286,4,17,21,40.64,16.51,57.15,Y,HERBIVORY,,,,,,,,
295,PS,H,-2.27076,0.2159,2,7,9,38.1,8.89,46.99,N,NA,,,,,,,,
296,PS,H,-2.27076,0.1905,2,10,12,27.94,13.97,41.91,N,NA,,,,,,,,
297,PS,H,-2.243328,0.1778,3,7,10,40.64,10.795,51.435,N,NA,,old flower,,,,,,
298,PS,H,-2.24028,0.18415,4,19,23,43.815,10.16,53.975,Y,HERBIVORY,,,,,,,,
299,PS,H,-2.218944,0.17145,4,24,28,41.91,19.05,60.96,Y,HERBIVORY,,,,,,,,
300,PS,H,-1.92024,0.1905,2,11,13,36.83,8.255,45.085,Y,HERBIVORY,,"flowers used for pollen collection were either left on plant or ""recycled"" as preserved specimens",,,,,,
301,PS,H,-1.8288,0.0127,5,13,18,43.18,8.89,52.07,Y,HERBIVORY,,,,,,,,
302,PS,H,-1.850136,0,5,11,16,37.465,11.43,48.895,Y,HERBIVORY,,2 sets of leaf samples (totaling 7 leaves) were collected b/c of possible mix-up b/t plants,,,,,,
303,PS,H,-1.85928,-0.0127,3,10,13,36.83,15.24,52.07,Y,HERBIVORY,,"""started collecting pollen from flowers in ethanol…except #305"" (i.e., pollen flowers ""recycled"" as preserved specimens for plant #'s 303–304; 306–358)",,,,,,
304,PS,H,-1.8288,-0.01905,1,8,9,27.94,7.62,35.56,N,NA,,,,,,,,
305,PS,H,-1.79832,-0.03175,5,15,20,39.37,16.51,55.88,Y,HERBIVORY,,,,,,,,
306,PS,H,-1.761744,0,3,34,37,51.435,44.45,95.885,Y,HERBIVORY,,"""no pollen; old flower""",,,,,,
307,PS,H,-1.804416,0.0127,1,8,9,55.88,8.255,64.135,Y,HERBIVORY,,"""1 pollen [sample collected]; 1 flower""",,,,,,
308,PS,F,-1.18872,0.57785,1,7,8,52.07,6.985,59.055,N,NA,,,,,,,,
309,PS,F,-1.182624,0.508,0,8,8,43.815,4.445,48.26,N,NA,,"""no flowers [collected/present on plant]""",,,,,,
310,PS,F,-0.39624,0.508,1,5,6,32.385,3.175,35.56,Y,BROKE (NOT INTACT),"""beside 309""",,,,,,,
311,PS,F,-4.69392,-0.7112,3,27,30,31.75,26.67,58.42,N,NA,,,,,,,,
312,PS,F,-4.4196,-0.5842,0,19,19,38.1,15.24,53.34,Y,HERBIVORY,,,,,,,,
313,PS,H,-4.657344,-0.42545,3,14,17,27.94,17.78,45.72,Y,HERBIVORY,,,,,,,,
314,PS,H,-4.642104,-0.381,2,16,18,31.75,21.59,53.34,N,NA,,,,,,,,
315,PS,H,-4.700016,-0.1524,2,10,12,24.13,13.97,38.1,N,NA,,,,,,,,
316,PS,F,-4.16052,0.6858,2,27,29,38.1,30.48,68.58,N,NA,,"""broke""",,,,,,
317,PS,F,-4.13004,0.66675,0,7,7,34.29,6.35,40.64,N,NA,,"""broke""",,,,,,
318,PS,F,-4.139184,0.6477,0,11,11,41.91,9.525,51.435,Y,BROKE (DEAD),,"""broke""",,,,,,
319,PS,F,-4.17576,0.61595,16,NA,NA,NA,NA,39.37,Y,BROKE (INTACT),,"""broke + 13 flowers"" (13 add'l flowers manually added to total)",,,,,,
320,PS,F,-3.94716,0.4572,1,NA,NA,NA,NA,34.29,Y,BROKE (DEAD),,,,,,,,
321,PS,F,-3.9624,0.4445,2,14,16,43.18,8.89,52.07,N,NA,,,,,,,,
322,PS,F,-3.877056,0.4445,1,11,12,45.72,7.62,53.34,Y,BROKE (NOT INTACT),,,,,,,,
323,PS,F,-3.712464,0.4064,0,10,10,38.1,10.16,48.26,N,NA,,"""broke""",,,,,,
324,PS,F,-3.727704,0.4572,0,13,13,37.465,13.97,51.435,N,NA,,,,,,,,
325,PS,F,-3.828288,0.3683,0,NA,NA,NA,NA,27.94,Y,BROKE (DEAD),,,,,,,,
326,PS,F,-3.6576,0.4191,0,NA,NA,NA,NA,NA,Y,BROKE (NOT INTACT),"original Excel sheet missing data for ""fruits_collected_b;"" ""broken to ground; beside 323;"" check envelopes while cleaning seeds to make sure no fruits were collected for plant #326",,,,,,,
327,PS,F,-3.538728,0.92075,3,6,9,38.1,3.81,41.91,Y,HERBIVORY,,,,,,,,
328,PS,F,-3.48996,0.90805,0,5,5,34.29,3.81,38.1,N,NA,,,,,,,,
329,PS,F,-3.560064,0.8636,1,10,11,34.29,8.89,43.18,N,NA,,,,,,,,
330,PS,F,-3.541776,0.8636,2,6,8,33.02,8.89,41.91,Y,HERBIVORY?,,,,,,,,
331,PS,F,-3.538728,0.8636,2,6,8,31.75,7.62,39.37,Y,HERBIVORY,,,,,,,,
332,PS,F,-3.560064,0.8128,0,5,5,31.75,5.715,37.465,Y,HERBIVORY,,,,,,,,
333,PS,F,-3.477768,0.86995,2,7,9,43.18,4.445,47.625,Y,HERBIVORY,,,,,,,,
334,PS,F,-3.496056,0.89535,1,2,3,41.91,0,41.91,Y,HERBIVORY,"""add flowers collected""",,,,,,,
335,PS,F,-3.483864,0.8128,3,7,10,38.1,10.16,48.26,Y,BROKE (INTACT),,,,,,,,
336,PS,H,-4.322064,0.05715,4,18,22,41.91,25.4,67.31,N,NA,,"""broke"" ",,,,,,
337,PS,H,-4.3434,0.0254,1,13,14,41.91,16.51,58.42,N,NA,,"""no pollen""",,,,,,
338,PS,H,-4.319016,0.0381,2,7,9,41.91,8.89,50.8,Y,HERBIVORY,,,,,,,,
339,PS,H,-4.29768,-0.00635,1,NA,NA,NA,NA,31.75,Y,BROKE (DEAD),,"""1 pollen [sample collected]""",,,,,,
340,PS,H,-4.425696,0.0508,3,14,17,38.1,12.7,50.8,Y,HERBIVORY,"""fruit unripe""","""1 pollen [sample collected]""",,,,,,
341,PS,H,-4.407408,0.0381,2,NA,NA,NA,NA,31.75,Y,HERBIVORY,,,,,,,,
342,PS,H,-4.3434,0,2,5,7,35.56,7.62,43.18,Y,HERBIVORY,,,,,,,,
343,PS,H,-4.349496,0,1,NA,NA,NA,NA,31.75,Y,HERBIVORY?,,,,,,,,
344,PS,H,-4.40436,0,2,14,16,36.83,13.97,50.8,Y,HERBIVORY,"""unripe""",,,,,,,
345,PS,H,-4.37388,-0.0381,1,NA,NA,NA,NA,31.75,Y,HERBIVORY,,,,,,,,
346,PS,H,-4.37388,-0.01905,2,7,9,40.64,8.255,48.895,N,NA,"""unripe""",,,,,,,
347,PS,F,-4.334256,-0.3175,2,39,41,30.48,21.59,52.07,Y,HERBIVORY,,,,,,,,
348,PS,F,-4.22148,-0.4064,2,7,9,27.94,6.985,34.925,Y,BROKE (INTACT),,,,,,,,
349,PS,H,-4.17576,-0.42545,2,6,8,34.29,6.985,41.275,Y,BROKE (INTACT),"""broken?"" (per notebook)",,,,,,,
350,PS,H,-4.187952,-0.43815,2,6,8,29.845,5.715,35.56,Y,HERBIVORY?,,,,,,,,
351,PS,H,-5.12064,0.4318,5,28,33,39.37,44.45,83.82,Y,HERBIVORY,,,,,,,,
352,PS,H,-5.145024,0.4445,1,4,5,25.4,3.81,29.21,N,NA,,"""no pollen [sample collected]""",,,,,,
353,PS,H,-5.169408,0.37465,2,10,12,33.02,6.35,39.37,Y,HERBIVORY,,,,,,,,
354,PS,H,-5.1054,0.4064,3,NA,NA,NA,NA,27.94,Y,BROKE (INTACT),,3 total flowers used (for pollen collection and specimen preservation),,,,,,
355,PS,H,-5.023104,0.1651,2,18,20,41.91,7.62,49.53,Y,HERBIVORY,,,,,,,,
356,PS,H,-5.099304,0.1651,0,NA,NA,NA,NA,44.45,Y,HERBIVORY,,,,,,,,
357,PS,H,-5.062728,0.17145,11,2,13,40.64,3.175,43.815,Y,HERBIVORY,"""add flowers collected""","broke; ""9 flowers broke [off when specimen was damaged]"" (9 add'l flowers manually added to total)",,,,,,
358,PS,H,-5.09016,0.19685,0,11,11,34.29,7.62,41.91,N,NA,,,,,,,,
,,,,,,,,,,,,,,,,,,,,
,,,,,,,,,,,,,,,,,,,,
,,,,,,,,,,,,,,,,,,,,
,,,,,,,,,,,,,,,,,,,,
,,,,,,,,,,,,,,,,,,,,
,,,,,,,,,,,,,,,,,,,,
,,,,,,,,,,,,,,,,,,,,
,,,,,,,,,,,,,,,,,,,,
,,,,,,,,,,,,,,,,,,,,
,,,,,,,,,,,,,,,,,,,,
,,,,,,,,,,,,,,,,,,,,
,,,,,,,,,,,,,,,,,,,,
,,,,,,,,,,,,,,,,,,,,
,,,,,,,,,,,,,,,,,,,,
,,,,,,,,,,,,,,,,,,,,
,,,,,,,,,,,,,,,,,,,,
,,,,,,,,,,,,,,,,,,,,
,,,,,,,,,,,,,,,,,,,,
,,,,,,,,,,,,,,,,,,,,
,,,,,,,,,,,,,,,,,,,,
,,,,,,,,,,,,,,,,,,,,
,,,,,,,,,,,,,,,,,,,,
,,,,,,,,,,,,,,,,,,,,
,,,,,,,,,,,,,,,,,,,,
,,,,,,,,,,,,,,,,,,,,
,,,,,,,,,,,,,,,,,,,,
,,,,,,,,,,,,,,,,,,,,
,,,,,,,,,,,,,,,,,,,,
,,,,,,,,,,,,,,,,,,,,
,,,,,,,,,,,,,,,,,,,,
,,,,,,,,,,,,,,,,,,,,
,,,,,,,,,,,,,,,,,,,,
,,,,,,,,,,,,,,,,,,,,
,,,,,,,,,,,,,,,,,,,,
,,,,,,,,,,,,,,,,,,,,
,,,,,,,,,,,,,,,,,,,,
,,,,,,,,,,,,,,,,,,,,
,,,,,,,,,,,,,,,,,,,,
,,,,,,,,,,,,,,,,,,,,
,,,,,,,,,,,,,,,,,,,,
,,,,,,,,,,,,,,,,,,,,
,,,,,,,,,,,,,,,,,,,,
,,,,,,,,,,,,,,,,,,,,
,,,,,,,,,,,,,,,,,,,,
,,,,,,,,,,,,,,,,,,,,
,,,,,,,,,,,,,,,,,,,,
,,,,,,,,,,,,,,,,,,,,
,,,,,,,,,,,,,,,,,,,,
,,,,,,,,,,,,,,,,,,,,
,,,,,,,,,,,,,,,,,,,,
,,,,,,,,,,,,,,,,,,,,
,,,,,,,,,,,,,,,,,,,,
,,,,,,,,,,,,,,,,,,,,
,,,,,,,,,,,,,,,,,,,,
,,,,,,,,,,,,,,,,,,,,
,,,,,,,,,,,,,,,,,,,,
,,,,,,,,,,,,,,,,,,,,
,,,,,,,,,,,,,,,,,,,,
,,,,,,,,,,,,,,,,,,,,
,,,,,,,,,,,,,,,,,,,,
,,,,,,,,,,,,,,,,,,,,
,,,,,,,,,,,,,,,,,,,,
,,,,,,,,,,,,,,,,,,,,
,,,,,,,,,,,,,,,,,,,,
,,,,,,,,,,,,,,,,,,,,
,,,,,,,,,,,,,,,,,,,,
,,,,,,,,,,,,,,,,,,,,
,,,,,,,,,,,,,,,,,,,,
,,,,,,,,,,,,,,,,,,,,
,,,,,,,,,,,,,,,,,,,,
,,,,,,,,,,,,,,,,,,,,
,,,,,,,,,,,,,,,,,,,,
,,,,,,,,,,,,,,,,,,,,
,,,,,,,,,,,,,,,,,,,,
,,,,,,,,,,,,,,,,,,,,
,,,,,,,,,,,,,,,,,,,,
,,,,,,,,,,,,,,,,,,,,
,,,,,,,,,,,,,,,,,,,,
,,,,,,,,,,,,,,,,,,,,
,,,,,,,,,,,,,,,,,,,,
,,,,,,,,,,,,,,,,,,,,
,,,,,,,,,,,,,,,,,,,,
,,,,,,,,,,,,,,,,,,,,
,,,,,,,,,,,,,,,,,,,,
,,,,,,,,,,,,,,,,,,,,
,,,,,,,,,,,,,,,,,,,,
,,,,,,,,,,,,,,,,,,,,
,,,,,,,,,,,,,,,,,,,,
,,,,,,,,,,,,,,,,,,,,
,,,,,,,,,,,,,,,,,,,,
,,,,,,,,,,,,,,,,,,,,
,,,,,,,,,,,,,,,,,,,,
,,,,,,,,,,,,,,,,,,,,
,,,,,,,,,,,,,,,,,,,,
,,,,,,,,,,,,,,,,,,,,
,,,,,,,,,,,,,,,,,,,,
,,,,,,,,,,,,,,,,,,,,
,,,,,,,,,,,,,,,,,,,,
,,,,,,,,,,,,,,,,,,,,
,,,,,,,,,,,,,,,,,,,,
,,,,,,,,,,,,,,,,,,,,
,,,,,,,,,,,,,,,,,,,,
,,,,,,,,,,,,,,,,,,,,
,,,,,,,,,,,,,,,,,,,,
,,,,,,,,,,,,,,,,,,,,
,,,,,,,,,,,,,,,,,,,,
,,,,,,,,,,,,,,,,,,,,
,,,,,,,,,,,,,,,,,,,,
,,,,,,,,,,,,,,,,,,,,
,,,,,,,,,,,,,,,,,,,,
,,,,,,,,,,,,,,,,,,,,
,,,,,,,,,,,,,,,,,,,,
,,,,,,,,,,,,,,,,,,,,
,,,,,,,,,,,,,,,,,,,,
,,,,,,,,,,,,,,,,,,,,
,,,,,,,,,,,,,,,,,,,,
,,,,,,,,,,,,,,,,,,,,
,,,,,,,,,,,,,,,,,,,,
,,,,,,,,,,,,,,,,,,,,
,,,,,,,,,,,,,,,,,,,,
,,,,,,,,,,,,,,,,,,,,
,,,,,,,,,,,,,,,,,,,,
,,,,,,,,,,,,,,,,,,,,
,,,,,,,,,,,,,,,,,,,,
,,,,,,,,,,,,,,,,,,,,
,,,,,,,,,,,,,,,,,,,,
,,,,,,,,,,,,,,,,,,,,
,,,,,,,,,,,,,,,,,,,,
,,,,,,,,,,,,,,,,,,,,
,,,,,,,,,,,,,,,,,,,,
,,,,,,,,,,,,,,,,,,,,
,,,,,,,,,,,,,,,,,,,,
,,,,,,,,,,,,,,,,,,,,
,,,,,,,,,,,,,,,,,,,,
,,,,,,,,,,,,,,,,,,,,
,,,,,,,,,,,,,,,,,,,,
,,,,,,,,,,,,,,,,,,,,
,,,,,,,,,,,,,,,,,,,,
,,,,,,,,,,,,,,,,,,,,
,,,,,,,,,,,,,,,,,,,,
,,,,,,,,,,,,,,,,,,,,
,,,,,,,,,,,,,,,,,,,,
,,,,,,,,,,,,,,,,,,,,
,,,,,,,,,,,,,,,,,,,,
,,,,,,,,,,,,,,,,,,,,
,,,,,,,,,,,,,,,,,,,,
,,,,,,,,,,,,,,,,,,,,
,,,,,,,,,,,,,,,,,,,,
,,,,,,,,,,,,,,,,,,,,
,,,,,,,,,,,,,,,,,,,,
,,,,,,,,,,,,,,,,,,,,
,,,,,,,,,,,,,,,,,,,,
,,,,,,,,,,,,,,,,,,,,
,,,,,,,,,,,,,,,,,,,,
,,,,,,,,,,,,,,,,,,,,
,,,,,,,,,,,,,,,,,,,,
,,,,,,,,,,,,,,,,,,,,
,,,,,,,,,,,,,,,,,,,,
,,,,,,,,,,,,,,,,,,,,
,,,,,,,,,,,,,,,,,,,,
,,,,,,,,,,,,,,,,,,,,
,,,,,,,,,,,,,,,,,,,,
,,,,,,,,,,,,,,,,,,,,
,,,,,,,,,,,,,,,,,,,,
,,,,,,,,,,,,,,,,,,,,
,,,,,,,,,,,,,,,,,,,,
,,,,,,,,,,,,,,,,,,,,
,,,,,,,,,,,,,,,,,,,,
,,,,,,,,,,,,,,,,,,,,
,,,,,,,,,,,,,,,,,,,,
,,,,,,,,,,,,,,,,,,,,
,,,,,,,,,,,,,,,,,,,,
,,,,,,,,,,,,,,,,,,,,
,,,,,,,,,,,,,,,,,,,,
,,,,,,,,,,,,,,,,,,,,
,,,,,,,,,,,,,,,,,,,,
,,,,,,,,,,,,,,,,,,,,
,,,,,,,,,,,,,,,,,,,,
,,,,,,,,,,,,,,,,,,,,
,,,,,,,,,,,,,,,,,,,,
,,,,,,,,,,,,,,,,,,,,
,,,,,,,,,,,,,,,,,,,,
,,,,,,,,,,,,,,,,,,,,
,,,,,,,,,,,,,,,,,,,,
,,,,,,,,,,,,,,,,,,,,
,,,,,,,,,,,,,,,,,,,,
,,,,,,,,,,,,,,,,,,,,
,,,,,,,,,,,,,,,,,,,,
,,,,,,,,,,,,,,,,,,,,
,,,,,,,,,,,,,,,,,,,,
,,,,,,,,,,,,,,,,,,,,
,,,,,,,,,,,,,,,,,,,,
,,,,,,,,,,,,,,,,,,,,
,,,,,,,,,,,,,,,,,,,,
,,,,,,,,,,,,,,,,,,,,
,,,,,,,,,,,,,,,,,,,,
,,,,,,,,,,,,,,,,,,,,
,,,,,,,,,,,,,,,,,,,,
,,,,,,,,,,,,,,,,,,,,
,,,,,,,,,,,,,,,,,,,,
,,,,,,,,,,,,,,,,,,,,
,,,,,,,,,,,,,,,,,,,,
,,,,,,,,,,,,,,,,,,,,
,,,,,,,,,,,,,,,,,,,,
,,,,,,,,,,,,,,,,,,,,
,,,,,,,,,,,,,,,,,,,,
,,,,,,,,,,,,,,,,,,,,
,,,,,,,,,,,,,,,,,,,,
,,,,,,,,,,,,,,,,,,,,
,,,,,,,,,,,,,,,,,,,,
,,,,,,,,,,,,,,,,,,,,
,,,,,,,,,,,,,,,,,,,,
,,,,,,,,,,,,,,,,,,,,
,,,,,,,,,,,,,,,,,,,,
,,,,,,,,,,,,,,,,,,,,
,,,,,,,,,,,,,,,,,,,,
,,,,,,,,,,,,,,,,,,,,
,,,,,,,,,,,,,,,,,,,,
,,,,,,,,,,,,,,,,,,,,
,,,,,,,,,,,,,,,,,,,,
,,,,,,,,,,,,,,,,,,,,
,,,,,,,,,,,,,,,,,,,,
,,,,,,,,,,,,,,,,,,,,
,,,,,,,,,,,,,,,,,,,,
,,,,,,,,,,,,,,,,,,,,
,,,,,,,,,,,,,,,,,,,,
,,,,,,,,,,,,,,,,,,,,
,,,,,,,,,,,,,,,,,,,,
,,,,,,,,,,,,,,,,,,,,
,,,,,,,,,,,,,,,,,,,,
,,,,,,,,,,,,,,,,,,,,
,,,,,,,,,,,,,,,,,,,,
,,,,,,,,,,,,,,,,,,,,
,,,,,,,,,,,,,,,,,,,,
,,,,,,,,,,,,,,,,,,,,
,,,,,,,,,,,,,,,,,,,,
,,,,,,,,,,,,,,,,,,,,
,,,,,,,,,,,,,,,,,,,,
,,,,,,,,,,,,,,,,,,,,
,,,,,,,,,,,,,,,,,,,,
,,,,,,,,,,,,,,,,,,,,
,,,,,,,,,,,,,,,,,,,,
,,,,,,,,,,,,,,,,,,,,
,,,,,,,,,,,,,,,,,,,,
,,,,,,,,,,,,,,,,,,,,
,,,,,,,,,,,,,,,,,,,,
,,,,,,,,,,,,,,,,,,,,
,,,,,,,,,,,,,,,,,,,,
,,,,,,,,,,,,,,,,,,,,
,,,,,,,,,,,,,,,,,,,,
,,,,,,,,,,,,,,,,,,,,
,,,,,,,,,,,,,,,,,,,,
,,,,,,,,,,,,,,,,,,,,
,,,,,,,,,,,,,,,,,,,,
,,,,,,,,,,,,,,,,,,,,
,,,,,,,,,,,,,,,,,,,,
,,,,,,,,,,,,,,,,,,,,
,,,,,,,,,,,,,,,,,,,,
,,,,,,,,,,,,,,,,,,,,
,,,,,,,,,,,,,,,,,,,,
,,,,,,,,,,,,,,,,,,,,
,,,,,,,,,,,,,,,,,,,,
,,,,,,,,,,,,,,,,,,,,
,,,,,,,,,,,,,,,,,,,,
,,,,,,,,,,,,,,,,,,,,
,,,,,,,,,,,,,,,,,,,,
,,,,,,,,,,,,,,,,,,,,
,,,,,,,,,,,,,,,,,,,,
,,,,,,,,,,,,,,,,,,,,
,,,,,,,,,,,,,,,,,,,,
,,,,,,,,,,,,,,,,,,,,
,,,,,,,,,,,,,,,,,,,,
,,,,,,,,,,,,,,,,,,,,
,,,,,,,,,,,,,,,,,,,,
,,,,,,,,,,,,,,,,,,,,
,,,,,,,,,,,,,,,,,,,,
,,,,,,,,,,,,,,,,,,,,
,,,,,,,,,,,,,,,,,,,,
,,,,,,,,,,,,,,,,,,,,
,,,,,,,,,,,,,,,,,,,,
,,,,,,,,,,,,,,,,,,,,
,,,,,,,,,,,,,,,,,,,,
,,,,,,,,,,,,,,,,,,,,
,,,,,,,,,,,,,,,,,,,,
,,,,,,,,,,,,,,,,,,,,
,,,,,,,,,,,,,,,,,,,,
,,,,,,,,,,,,,,,,,,,,
,,,,,,,,,,,,,,,,,,,,
,,,,,,,,,,,,,,,,,,,,
,,,,,,,,,,,,,,,,,,,,
,,,,,,,,,,,,,,,,,,,,
,,,,,,,,,,,,,,,,,,,,
,,,,,,,,,,,,,,,,,,,,
,,,,,,,,,,,,,,,,,,,,
,,,,,,,,,,,,,,,,,,,,
,,,,,,,,,,,,,,,,,,,,
,,,,,,,,,,,,,,,,,,,,
,,,,,,,,,,,,,,,,,,,,
,,,,,,,,,,,,,,,,,,,,
,,,,,,,,,,,,,,,,,,,,
,,,,,,,,,,,,,,,,,,,,
,,,,,,,,,,,,,,,,,,,,
,,,,,,,,,,,,,,,,,,,,
,,,,,,,,,,,,,,,,,,,,
,,,,,,,,,,,,,,,,,,,,
,,,,,,,,,,,,,,,,,,,,
,,,,,,,,,,,,,,,,,,,,
,,,,,,,,,,,,,,,,,,,,
,,,,,,,,,,,,,,,,,,,,
,,,,,,,,,,,,,,,,,,,,
,,,,,,,,,,,,,,,,,,,,
,,,,,,,,,,,,,,,,,,,,
,,,,,,,,,,,,,,,,,,,,
,,,,,,,,,,,,,,,,,,,,
,,,,,,,,,,,,,,,,,,,,
,,,,,,,,,,,,,,,,,,,,
,,,,,,,,,,,,,,,,,,,,
,,,,,,,,,,,,,,,,,,,,
,,,,,,,,,,,,,,,,,,,,
,,,,,,,,,,,,,,,,,,,,
,,,,,,,,,,,,,,,,,,,,
,,,,,,,,,,,,,,,,,,,,
,,,,,,,,,,,,,,,,,,,,
,,,,,,,,,,,,,,,,,,,,
,,,,,,,,,,,,,,,,,,,,
,,,,,,,,,,,,,,,,,,,,
,,,,,,,,,,,,,,,,,,,,
,,,,,,,,,,,,,,,,,,,,
,,,,,,,,,,,,,,,,,,,,
,,,,,,,,,,,,,,,,,,,,
,,,,,,,,,,,,,,,,,,,,
,,,,,,,,,,,,,,,,,,,,
,,,,,,,,,,,,,,,,,,,,
,,,,,,,,,,,,,,,,,,,,
,,,,,,,,,,,,,,,,,,,,
,,,,,,,,,,,,,,,,,,,,
,,,,,,,,,,,,,,,,,,,,
,,,,,,,,,,,,,,,,,,,,
,,,,,,,,,,,,,,,,,,,,
,,,,,,,,,,,,,,,,,,,,
,,,,,,,,,,,,,,,,,,,,
,,,,,,,,,,,,,,,,,,,,
,,,,,,,,,,,,,,,,,,,,
,,,,,,,,,,,,,,,,,,,,
,,,,,,,,,,,,,,,,,,,,
,,,,,,,,,,,,,,,,,,,,
,,,,,,,,,,,,,,,,,,,,
,,,,,,,,,,,,,,,,,,,,
,,,,,,,,,,,,,,,,,,,,
,,,,,,,,,,,,,,,,,,,,
,,,,,,,,,,,,,,,,,,,,
,,,,,,,,,,,,,,,,,,,,
,,,,,,,,,,,,,,,,,,,,
,,,,,,,,,,,,,,,,,,,,
,,,,,,,,,,,,,,,,,,,,
,,,,,,,,,,,,,,,,,,,,
,,,,,,,,,,,,,,,,,,,,
,,,,,,,,,,,,,,,,,,,,
,,,,,,,,,,,,,,,,,,,,
,,,,,,,,,,,,,,,,,,,,
,,,,,,,,,,,,,,,,,,,,
,,,,,,,,,,,,,,,,,,,,
,,,,,,,,,,,,,,,,,,,,
,,,,,,,,,,,,,,,,,,,,
,,,,,,,,,,,,,,,,,,,,
,,,,,,,,,,,,,,,,,,,,
,,,,,,,,,,,,,,,,,,,,
,,,,,,,,,,,,,,,,,,,,
,,,,,,,,,,,,,,,,,,,,
,,,,,,,,,,,,,,,,,,,,
,,,,,,,,,,,,,,,,,,,,
,,,,,,,,,,,,,,,,,,,,
,,,,,,,,,,,,,,,,,,,,
,,,,,,,,,,,,,,,,,,,,
,,,,,,,,,,,,,,,,,,,,
,,,,,,,,,,,,,,,,,,,,
,,,,,,,,,,,,,,,,,,,,
,,,,,,,,,,,,,,,,,,,,
,,,,,,,,,,,,,,,,,,,,
,,,,,,,,,,,,,,,,,,,,
,,,,,,,,,,,,,,,,,,,,
,,,,,,,,,,,,,,,,,,,,
,,,,,,,,,,,,,,,,,,,,
,,,,,,,,,,,,,,,,,,,,
,,,,,,,,,,,,,,,,,,,,
,,,,,,,,,,,,,,,,,,,,
,,,,,,,,,,,,,,,,,,,,
,,,,,,,,,,,,,,,,,,,,
,,,,,,,,,,,,,,,,,,,,
,,,,,,,,,,,,,,,,,,,,
,,,,,,,,,,,,,,,,,,,,
,,,,,,,,,,,,,,,,,,,,
,,,,,,,,,,,,,,,,,,,,
,,,,,,,,,,,,,,,,,,,,
,,,,,,,,,,,,,,,,,,,,
,,,,,,,,,,,,,,,,,,,,
,,,,,,,,,,,,,,,,,,,,
,,,,,,,,,,,,,,,,,,,,
,,,,,,,,,,,,,,,,,,,,
,,,,,,,,,,,,,,,,,,,,
,,,,,,,,,,,,,,,,,,,,
,,,,,,,,,,,,,,,,,,,,
,,,,,,,,,,,,,,,,,,,,
,,,,,,,,,,,,,,,,,,,,
,,,,,,,,,,,,,,,,,,,,
,,,,,,,,,,,,,,,,,,,,
,,,,,,,,,,,,,,,,,,,,
,,,,,,,,,,,,,,,,,,,,
,,,,,,,,,,,,,,,,,,,,
,,,,,,,,,,,,,,,,,,,,
,,,,,,,,,,,,,,,,,,,,
,,,,,,,,,,,,,,,,,,,,
,,,,,,,,,,,,,,,,,,,,
,,,,,,,,,,,,,,,,,,,,
,,,,,,,,,,,,,,,,,,,,
,,,,,,,,,,,,,,,,,,,,
,,,,,,,,,,,,,,,,,,,,
,,,,,,,,,,,,,,,,,,,,
,,,,,,,,,,,,,,,,,,,,
,,,,,,,,,,,,,,,,,,,,
,,,,,,,,,,,,,,,,,,,,
,,,,,,,,,,,,,,,,,,,,
,,,,,,,,,,,,,,,,,,,,
,,,,,,,,,,,,,,,,,,,,
,,,,,,,,,,,,,,,,,,,,
,,,,,,,,,,,,,,,,,,,,
,,,,,,,,,,,,,,,,,,,,
,,,,,,,,,,,,,,,,,,,,
,,,,,,,,,,,,,,,,,,,,
,,,,,,,,,,,,,,,,,,,,
,,,,,,,,,,,,,,,,,,,,
,,,,,,,,,,,,,,,,,,,,
,,,,,,,,,,,,,,,,,,,,
,,,,,,,,,,,,,,,,,,,,
,,,,,,,,,,,,,,,,,,,,
,,,,,,,,,,,,,,,,,,,,
,,,,,,,,,,,,,,,,,,,,
,,,,,,,,,,,,,,,,,,,,
,,,,,,,,,,,,,,,,,,,,
,,,,,,,,,,,,,,,,,,,,
,,,,,,,,,,,,,,,,,,,,
,,,,,,,,,,,,,,,,,,,,
,,,,,,,,,,,,,,,,,,,,
,,,,,,,,,,,,,,,,,,,,
,,,,,,,,,,,,,,,,,,,,
,,,,,,,,,,,,,,,,,,,,
,,,,,,,,,,,,,,,,,,,,
,,,,,,,,,,,,,,,,,,,,
,,,,,,,,,,,,,,,,,,,,
,,,,,,,,,,,,,,,,,,,,
,,,,,,,,,,,,,,,,,,,,
,,,,,,,,,,,,,,,,,,,,
,,,,,,,,,,,,,,,,,,,,
,,,,,,,,,,,,,,,,,,,,
,,,,,,,,,,,,,,,,,,,,
,,,,,,,,,,,,,,,,,,,,
,,,,,,,,,,,,,,,,,,,,
,,,,,,,,,,,,,,,,,,,,
,,,,,,,,,,,,,,,,,,,,
,,,,,,,,,,,,,,,,,,,,
,,,,,,,,,,,,,,,,,,,,
,,,,,,,,,,,,,,,,,,,,
,,,,,,,,,,,,,,,,,,,,
,,,,,,,,,,,,,,,,,,,,
,,,,,,,,,,,,,,,,,,,,
,,,,,,,,,,,,,,,,,,,,
,,,,,,,,,,,,,,,,,,,,
,,,,,,,,,,,,,,,,,,,,
,,,,,,,,,,,,,,,,,,,,
,,,,,,,,,,,,,,,,,,,,
,,,,,,,,,,,,,,,,,,,,
,,,,,,,,,,,,,,,,,,,,
,,,,,,,,,,,,,,,,,,,,
,,,,,,,,,,,,,,,,,,,,
,,,,,,,,,,,,,,,,,,,,
,,,,,,,,,,,,,,,,,,,,
,,,,,,,,,,,,,,,,,,,,
,,,,,,,,,,,,,,,,,,,,
,,,,,,,,,,,,,,,,,,,,
,,,,,,,,,,,,,,,,,,,,
,,,,,,,,,,,,,,,,,,,,
,,,,,,,,,,,,,,,,,,,,
,,,,,,,,,,,,,,,,,,,,
,,,,,,,,,,,,,,,,,,,,
,,,,,,,,,,,,,,,,,,,,
,,,,,,,,,,,,,,,,,,,,
,,,,,,,,,,,,,,,,,,,,
,,,,,,,,,,,,,,,,,,,,
,,,,,,,,,,,,,,,,,,,,
,,,,,,,,,,,,,,,,,,,,
,,,,,,,,,,,,,,,,,,,,
,,,,,,,,,,,,,,,,,,,,
,,,,,,,,,,,,,,,,,,,,
,,,,,,,,,,,,,,,,,,,,
,,,,,,,,,,,,,,,,,,,,
,,,,,,,,,,,,,,,,,,,,
,,,,,,,,,,,,,,,,,,,,
,,,,,,,,,,,,,,,,,,,,
,,,,,,,,,,,,,,,,,,,,
,,,,,,,,,,,,,,,,,,,,
,,,,,,,,,,,,,,,,,,,,
,,,,,,,,,,,,,,,,,,,,
,,,,,,,,,,,,,,,,,,,,
,,,,,,,,,,,,,,,,,,,,
,,,,,,,,,,,,,,,,,,,,
,,,,,,,,,,,,,,,,,,,,
,,,,,,,,,,,,,,,,,,,,
,,,,,,,,,,,,,,,,,,,,
,,,,,,,,,,,,,,,,,,,,
,,,,,,,,,,,,,,,,,,,,
,,,,,,,,,,,,,,,,,,,,
,,,,,,,,,,,,,,,,,,,,
,,,,,,,,,,,,,,,,,,,,
,,,,,,,,,,,,,,,,,,,,
,,,,,,,,,,,,,,,,,,,,
,,,,,,,,,,,,,,,,,,,,
,,,,,,,,,,,,,,,,,,,,
,,,,,,,,,,,,,,,,,,,,
,,,,,,,,,,,,,,,,,,,,
,,,,,,,,,,,,,,,,,,,,
,,,,,,,,,,,,,,,,,,,,
,,,,,,,,,,,,,,,,,,,,
,,,,,,,,,,,,,,,,,,,,
,,,,,,,,,,,,,,,,,,,,
,,,,,,,,,,,,,,,,,,,,
,,,,,,,,,,,,,,,,,,,,
,,,,,,,,,,,,,,,,,,,,
,,,,,,,,,,,,,,,,,,,,
,,,,,,,,,,,,,,,,,,,,
,,,,,,,,,,,,,,,,,,,,
,,,,,,,,,,,,,,,,,,,,
,,,,,,,,,,,,,,,,,,,,
,,,,,,,,,,,,,,,,,,,,
,,,,,,,,,,,,,,,,,,,,
,,,,,,,,,,,,,,,,,,,,
,,,,,,,,,,,,,,,,,,,,
,,,,,,,,,,,,,,,,,,,,
,,,,,,,,,,,,,,,,,,,,
,,,,,,,,,,,,,,,,,,,,
,,,,,,,,,,,,,,,,,,,,
,,,,,,,,,,,,,,,,,,,,
,,,,,,,,,,,,,,,,,,,,
,,,,,,,,,,,,,,,,,,,,
,,,,,,,,,,,,,,,,,,,,
,,,,,,,,,,,,,,,,,,,,
,,,,,,,,,,,,,,,,,,,,
,,,,,,,,,,,,,,,,,,,,
,,,,,,,,,,,,,,,,,,,,
,,,,,,,,,,,,,,,,,,,,
,,,,,,,,,,,,,,,,,,,,
,,,,,,,,,,,,,,,,,,,,
,,,,,,,,,,,,,,,,,,,,
,,,,,,,,,,,,,,,,,,,,
,,,,,,,,,,,,,,,,,,,,
,,,,,,,,,,,,,,,,,,,,
,,,,,,,,,,,,,,,,,,,,
,,,,,,,,,,,,,,,,,,,,
,,,,,,,,,,,,,,,,,,,,
,,,,,,,,,,,,,,,,,,,,
,,,,,,,,,,,,,,,,,,,,
,,,,,,,,,,,,,,,,,,,,
,,,,,,,,,,,,,,,,,,,,
,,,,,,,,,,,,,,,,,,,,
,,,,,,,,,,,,,,,,,,,,
,,,,,,,,,,,,,,,,,,,,
,,,,,,,,,,,,,,,,,,,,
,,,,,,,,,,,,,,,,,,,,
,,,,,,,,,,,,,,,,,,,,
,,,,,,,,,,,,,,,,,,,,
,,,,,,,,,,,,,,,,,,,,
,,,,,,,,,,,,,,,,,,,,
,,,,,,,,,,,,,,,,,,,,
,,,,,,,,,,,,,,,,,,,,
,,,,,,,,,,,,,,,,,,,,
,,,,,,,,,,,,,,,,,,,,
,,,,,,,,,,,,,,,,,,,,
,,,,,,,,,,,,,,,,,,,,
,,,,,,,,,,,,,,,,,,,,
,,,,,,,,,,,,,,,,,,,,
,,,,,,,,,,,,,,,,,,,,
,,,,,,,,,,,,,,,,,,,,
,,,,,,,,,,,,,,,,,,,,
,,,,,,,,,,,,,,,,,,,,
,,,,,,,,,,,,,,,,,,,,
,,,,,,,,,,,,,,,,,,,,
,,,,,,,,,,,,,,,,,,,,
,,,,,,,,,,,,,,,,,,,,
,,,,,,,,,,,,,,,,,,,,
,,,,,,,,,,,,,,,,,,,,
,,,,,,,,,,,,,,,,,,,,
,,,,,,,,,,,,,,,,,,,,
,,,,,,,,,,,,,,,,,,,,
,,,,,,,,,,,,,,,,,,,,
,,,,,,,,,,,,,,,,,,,,
,,,,,,,,,,,,,,,,,,,,
,,,,,,,,,,,,,,,,,,,,
,,,,,,,,,,,,,,,,,,,,
,,,,,,,,,,,,,,,,,,,,
,,,,,,,,,,,,,,,,,,,,
,,,,,,,,,,,,,,,,,,,,
,,,,,,,,,,,,,,,,,,,,
,,,,,,,,,,,,,,,,,,,,
,,,,,,,,,,,,,,,,,,,,
,,,,,,,,,,,,,,,,,,,,
,,,,,,,,,,,,,,,,,,,,
,,,,,,,,,,,,,,,,,,,,
,,,,,,,,,,,,,,,,,,,,
,,,,,,,,,,,,,,,,,,,,
,,,,,,,,,,,,,,,,,,,,
,,,,,,,,,,,,,,,,,,,,
,,,,,,,,,,,,,,,,,,,,
,,,,,,,,,,,,,,,,,,,,
,,,,,,,,,,,,,,,,,,,,
,,,,,,,,,,,,,,,,,,,,
,,,,,,,,,,,,,,,,,,,,
,,,,,,,,,,,,,,,,,,,,
,,,,,,,,,,,,,,,,,,,,
,,,,,,,,,,,,,,,,,,,,
,,,,,,,,,,,,,,,,,,,,
,,,,,,,,,,,,,,,,,,,,
,,,,,,,,,,,,,,,,,,,,
,,,,,,,,,,,,,,,,,,,,
,,,,,,,,,,,,,,,,,,,,
,,,,,,,,,,,,,,,,,,,,
,,,,,,,,,,,,,,,,,,,,
,,,,,,,,,,,,,,,,,,,,
,,,,,,,,,,,,,,,,,,,,
,,,,,,,,,,,,,,,,,,,,
,,,,,,,,,,,,,,,,,,,,
,,,,,,,,,,,,,,,,,,,,
,,,,,,,,,,,,,,,,,,,,
,,,,,,,,,,,,,,,,,,,,
,,,,,,,,,,,,,,,,,,,,
,,,,,,,,,,,,,,,,,,,,
,,,,,,,,,,,,,,,,,,,,
,,,,,,,,,,,,,,,,,,,,
,,,,,,,,,,,,,,,,,,,,
,,,,,,,,,,,,,,,,,,,,
,,,,,,,,,,,,,,,,,,,,
,,,,,,,,,,,,,,,,,,,,
,,,,,,,,,,,,,,,,,,,,
,,,,,,,,,,,,,,,,,,,,
,,,,,,,,,,,,,,,,,,,,
,,,,,,,,,,,,,,,,,,,,
,,,,,,,,,,,,,,,,,,,,
,,,,,,,,,,,,,,,,,,,,
,,,,,,,,,,,,,,,,,,,,
,,,,,,,,,,,,,,,,,,,,
,,,,,,,,,,,,,,,,,,,,
,,,,,,,,,,,,,,,,,,,,
,,,,,,,,,,,,,,,,,,,,
,,,,,,,,,,,,,,,,,,,,
,,,,,,,,,,,,,,,,,,,,
,,,,,,,,,,,,,,,,,,,,
,,,,,,,,,,,,,,,,,,,,
,,,,,,,,,,,,,,,,,,,,
,,,,,,,,,,,,,,,,,,,,
,,,,,,,,,,,,,,,,,,,,
,,,,,,,,,,,,,,,,,,,,
,,,,,,,,,,,,,,,,,,,,
,,,,,,,,,,,,,,,,,,,,
,,,,,,,,,,,,,,,,,,,,
,,,,,,,,,,,,,,,,,,,,
,,,,,,,,,,,,,,,,,,,,
,,,,,,,,,,,,,,,,,,,,
,,,,,,,,,,,,,,,,,,,,
,,,,,,,,,,,,,,,,,,,,
,,,,,,,,,,,,,,,,,,,,
,,,,,,,,,,,,,,,,,,,,
,,,,,,,,,,,,,,,,,,,,
,,,,,,,,,,,,,,,,,,,,
,,,,,,,,,,,,,,,,,,,,
,,,,,,,,,,,,,,,,,,,,
,,,,,,,,,,,,,,,,,,,,
,,,,,,,,,,,,,,,,,,,,
,,,,,,,,,,,,,,,,,,,,
,,,,,,,,,,,,,,,,,,,,
,,,,,,,,,,,,,,,,,,,,
,,,,,,,,,,,,,,,,,,,,
,,,,,,,,,,,,,,,,,,,,
,,,,,,,,,,,,,,,,,,,,
,,,,,,,,,,,,,,,,,,,,
,,,,,,,,,,,,,,,,,,,,
,,,,,,,,,,,,,,,,,,,,
,,,,,,,,,,,,,,,,,,,,
,,,,,,,,,,,,,,,,,,,,
,,,,,,,,,,,,,,,,,,,,
,,,,,,,,,,,,,,,,,,,,
,,,,,,,,,,,,,,,,,,,,
,,,,,,,,,,,,,,,,,,,,
,,,,,,,,,,,,,,,,,,,,
,,,,,,,,,,,,,,,,,,,,
,,,,,,,,,,,,,,,,,,,,
,,,,,,,,,,,,,,,,,,,,
,,,,,,,,,,,,,,,,,,,,
,,,,,,,,,,,,,,,,,,,,
,,,,,,,,,,,,,,,,,,,,
,,,,,,,,,,,,,,,,,,,,
,,,,,,,,,,,,,,,,,,,,
,,,,,,,,,,,,,,,,,,,,
,,,,,,,,,,,,,,,,,,,,
,,,,,,,,,,,,,,,,,,,,
,,,,,,,,,,,,,,,,,,,,
,,,,,,,,,,,,,,,,,,,,
,,,,,,,,,,,,,,,,,,,,
,,,,,,,,,,,,,,,,,,,,
,,,,,,,,,,,,,,,,,,,,
,,,,,,,,,,,,,,,,,,,,
,,,,,,,,,,,,,,,,,,,,
,,,,,,,,,,,,,,,,,,,,
,,,,,,,,,,,,,,,,,,,,
,,,,,,,,,,,,,,,,,,,,
,,,,,,,,,,,,,,,,,,,,
,,,,,,,,,,,,,,,,,,,,
,,,,,,,,,,,,,,,,,,,,
,,,,,,,,,,,,,,,,,,,,
,,,,,,,,,,,,,,,,,,,,
,,,,,,,,,,,,,,,,,,,,
,,,,,,,,,,,,,,,,,,,,
,,,,,,,,,,,,,,,,,,,,
,,,,,,,,,,,,,,,,,,,,
,,,,,,,,,,,,,,,,,,,,
,,,,,,,,,,,,,,,,,,,,
,,,,,,,,,,,,,,,,,,,,
,,,,,,,,,,,,,,,,,,,,
,,,,,,,,,,,,,,,,,,,,
,,,,,,,,,,,,,,,,,,,,
,,,,,,,,,,,,,,,,,,,,
,,,,,,,,,,,,,,,,,,,,
,,,,,,,,,,,,,,,,,,,,
,,,,,,,,,,,,,,,,,,,,
,,,,,,,,,,,,,,,,,,,,
,,,,,,,,,,,,,,,,,,,,
,,,,,,,,,,,,,,,,,,,,
,,,,,,,,,,,,,,,,,,,,
,,,,,,,,,,,,,,,,,,,,
,,,,,,,,,,,,,,,,,,,,
,,,,,,,,,,,,,,,,,,,,
,,,,,,,,,,,,,,,,,,,,
,,,,,,,,,,,,,,,,,,,,
,,,,,,,,,,,,,,,,,,,,
,,,,,,,,,,,,,,,,,,,,
,,,,,,,,,,,,,,,,,,,,
,,,,,,,,,,,,,,,,,,,,
,,,,,,,,,,,,,,,,,,,,
,,,,,,,,,,,,,,,,,,,,
,,,,,,,,,,,,,,,,,,,,
,,,,,,,,,,,,,,,,,,,,
,,,,,,,,,,,,,,,,,,,,
,,,,,,,,,,,,,,,,,,,,
,,,,,,,,,,,,,,,,,,,,
,,,,,,,,,,,,,,,,,,,,
,,,,,,,,,,,,,,,,,,,,
,,,,,,,,,,,,,,,,,,,,
,,,,,,,,,,,,,,,,,,,,
,,,,,,,,,,,,,,,,,,,,
,,,,,,,,,,,,,,,,,,,,
,,,,,,,,,,,,,,,,,,,,
,,,,,,,,,,,,,,,,,,,,
,,,,,,,,,,,,,,,,,,,,
,,,,,,,,,,,,,,,,,,,,
,,,,,,,,,,,,,,,,,,,,
,,,,,,,,,,,,,,,,,,,,
,,,,,,,,,,,,,,,,,,,,
,,,,,,,,,,,,,,,,,,,,
,,,,,,,,,,,,,,,,,,,,
,,,,,,,,,,,,,,,,,,,,
,,,,,,,,,,,,,,,,,,,,
,,,,,,,,,,,,,,,,,,,,
,,,,,,,,,,,,,,,,,,,,
,,,,,,,,,,,,,,,,,,,,
,,,,,,,,,,,,,,,,,,,,
,,,,,,,,,,,,,,,,,,,,
,,,,,,,,,,,,,,,,,,,,
,,,,,,,,,,,,,,,,,,,,
,,,,,,,,,,,,,,,,,,,,
,,,,,,,,,,,,,,,,,,,,
,,,,,,,,,,,,,,,,,,,,
,,,,,,,,,,,,,,,,,,,,
,,,,,,,,,,,,,,,,,,,,
,,,,,,,,,,,,,,,,,,,,
,,,,,,,,,,,,,,,,,,,,
,,,,,,,,,,,,,,,,,,,,
,,,,,,,,,,,,,,,,,,,,
,,,,,,,,,,,,,,,,,,,,
,,,,,,,,,,,,,,,,,,,,
,,,,,,,,,,,,,,,,,,,,
,,,,,,,,,,,,,,,,,,,,
,,,,,,,,,,,,,,,,,,,,
,,,,,,,,,,,,,,,,,,,,
,,,,,,,,,,,,,,,,,,,,
,,,,,,,,,,,,,,,,,,,,
,,,,,,,,,,,,,,,,,,,,
,,,,,,,,,,,,,,,,,,,,
,,,,,,,,,,,,,,,,,,,,
,,,,,,,,,,,,,,,,,,,,
,,,,,,,,,,,,,,,,,,,,
,,,,,,,,,,,,,,,,,,,,
,,,,,,,,,,,,,,,,,,,,
,,,,,,,,,,,,,,,,,,,,
,,,,,,,,,,,,,,,,,,,,
,,,,,,,,,,,,,,,,,,,,
,,,,,,,,,,,,,,,,,,,,
,,,,,,,,,,,,,,,,,,,,
,,,,,,,,,,,,,,,,,,,,
,,,,,,,,,,,,,,,,,,,,
,,,,,,,,,,,,,,,,,,,,
,,,,,,,,,,,,,,,,,,,,
,,,,,,,,,,,,,,,,,,,,
,,,,,,,,,,,,,,,,,,,,
,,,,,,,,,,,,,,,,,,,,
,,,,,,,,,,,,,,,,,,,,
,,,,,,,,,,,,,,,,,,,,
,,,,,,,,,,,,,,,,,,,,
,,,,,,,,,,,,,,,,,,,,
,,,,,,,,,,,,,,,,,,,,
,,,,,,,,,,,,,,,,,,,,
,,,,,,,,,,,,,,,,,,,,
,,,,,,,,,,,,,,,,,,,,
,,,,,,,,,,,,,,,,,,,,
,,,,,,,,,,,,,,,,,,,,
,,,,,,,,,,,,,,,,,,,,
,,,,,,,,,,,,,,,,,,,,
,,,,,,,,,,,,,,,,,,,,
,,,,,,,,,,,,,,,,,,,,
,,,,,,,,,,,,,,,,,,,,
,,,,,,,,,,,,,,,,,,,,
,,,,,,,,,,,,,,,,,,,,
,,,,,,,,,,,,,,,,,,,,
,,,,,,,,,,,,,,,,,,,,
,,,,,,,,,,,,,,,,,,,,
,,,,,,,,,,,,,,,,,,,,
,,,,,,,,,,,,,,,,,,,,
,,,,,,,,,,,,,,,,,,,,
,,,,,,,,,,,,,,,,,,,,
,,,,,,,,,,,,,,,,,,,,
,,,,,,,,,,,,,,,,,,,,
,,,,,,,,,,,,,,,,,,,,
,,,,,,,,,,,,,,,,,,,,
,,,,,,,,,,,,,,,,,,,,
,,,,,,,,,,,,,,,,,,,,
,,,,,,,,,,,,,,,,,,,,
,,,,,,,,,,,,,,,,,,,,
,,,,,,,,,,,,,,,,,,,,
,,,,,,,,,,,,,,,,,,,,
,,,,,,,,,,,,,,,,,,,,
,,,,,,,,,,,,,,,,,,,,
,,,,,,,,,,,,,,,,,,,,
,,,,,,,,,,,,,,,,,,,,
,,,,,,,,,,,,,,,,,,,,
,,,,,,,,,,,,,,,,,,,,
,,,,,,,,,,,,,,,,,,,,
,,,,,,,,,,,,,,,,,,,,
,,,,,,,,,,,,,,,,,,,,
,,,,,,,,,,,,,,,,,,,,
,,,,,,,,,,,,,,,,,,,,
,,,,,,,,,,,,,,,,,,,,
,,,,,,,,,,,,,,,,,,,,
,,,,,,,,,,,,,,,,,,,,
,,,,,,,,,,,,,,,,,,,,
,,,,,,,,,,,,,,,,,,,,
,,,,,,,,,,,,,,,,,,,,
,,,,,,,,,,,,,,,,,,,,
,,,,,,,,,,,,,,,,,,,,
,,,,,,,,,,,,,,,,,,,,
,,,,,,,,,,,,,,,,,,,,
,,,,,,,,,,,,,,,,,,,,
,,,,,,,,,,,,,,,,,,,,
,,,,,,,,,,,,,,,,,,,,
,,,,,,,,,,,,,,,,,,,,
,,,,,,,,,,,,,,,,,,,,
,,,,,,,,,,,,,,,,,,,,
,,,,,,,,,,,,,,,,,,,,
,,,,,,,,,,,,,,,,,,,,
,,,,,,,,,,,,,,,,,,,,
,,,,,,,,,,,,,,,,,,,,
,,,,,,,,,,,,,,,,,,,,
,,,,,,,,,,,,,,,,,,,,
,,,,,,,,,,,,,,,,,,,,
,,,,,,,,,,,,,,,,,,,,
,,,,,,,,,,,,,,,,,,,,
,,,,,,,,,,,,,,,,,,,,
,,,,,,,,,,,,,,,,,,,,
,,,,,,,,,,,,,,,,,,,,
,,,,,,,,,,,,,,,,,,,,
,,,,,,,,,,,,,,,,,,,,
,,,,,,,,,,,,,,,,,,,,
,,,,,,,,,,,,,,,,,,,,
,,,,,,,,,,,,,,,,,,,,
,,,,,,,,,,,,,,,,,,,,
,,,,,,,,,,,,,,,,,,,,
,,,,,,,,,,,,,,,,,,,,
,,,,,,,,,,,,,,,,,,,,
,,,,,,,,,,,,,,,,,,,,
,,,,,,,,,,,,,,,,,,,,
,,,,,,,,,,,,,,,,,,,,
,,,,,,,,,,,,,,,,,,,,
,,,,,,,,,,,,,,,,,,,,
,,,,,,,,,,,,,,,,,,,,
,,,,,,,,,,,,,,,,,,,,
,,,,,,,,,,,,,,,,,,,,
,,,,,,,,,,,,,,,,,,,,
,,,,,,,,,,,,,,,,,,,,
,,,,,,,,,,,,,,,,,,,,
,,,,,,,,,,,,,,,,,,,,
,,,,,,,,,,,,,,,,,,,,
,,,,,,,,,,,,,,,,,,,,
,,,,,,,,,,,,,,,,,,,,
,,,,,,,,,,,,,,,,,,,,
,,,,,,,,,,,,,,,,,,,,
,,,,,,,,,,,,,,,,,,,,
,,,,,,,,,,,,,,,,,,,,
,,,,,,,,,,,,,,,,,,,,
,,,,,,,,,,,,,,,,,,,,
,,,,,,,,,,,,,,,,,,,,
,,,,,,,,,,,,,,,,,,,,
,,,,,,,,,,,,,,,,,,,,
,,,,,,,,,,,,,,,,,,,,
,,,,,,,,,,,,,,,,,,,,
,,,,,,,,,,,,,,,,,,,,
,,,,,,,,,,,,,,,,,,,,
,,,,,,,,,,,,,,,,,,,,
,,,,,,,,,,,,,,,,,,,,
,,,,,,,,,,,,,,,,,,,,
,,,,,,,,,,,,,,,,,,,,
,,,,,,,,,,,,,,,,,,,,
,,,,,,,,,,,,,,,,,,,,
,,,,,,,,,,,,,,,,,,,,
,,,,,,,,,,,,,,,,,,,,
,,,,,,,,,,,,,,,,,,,,
,,,,,,,,,,,,,,,,,,,,
,,,,,,,,,,,,,,,,,,,,
,,,,,,,,,,,,,,,,,,,,
,,,,,,,,,,,,,,,,,,,,
,,,,,,,,,,,,,,,,,,,,
,,,,,,,,,,,,,,,,,,,,
,,,,,,,,,,,,,,,,,,,,
,,,,,,,,,,,,,,,,,,,,
,,,,,,,,,,,,,,,,,,,,
,,,,,,,,,,,,,,,,,,,,
,,,,,,,,,,,,,,,,,,,,
,,,,,,,,,,,,,,,,,,,,
,,,,,,,,,,,,,,,,,,,,
,,,,,,,,,,,,,,,,,,,,
,,,,,,,,,,,,,,,,,,,,
,,,,,,,,,,,,,,,,,,,,
,,,,,,,,,,,,,,,,,,,,
,,,,,,,,,,,,,,,,,,,,
,,,,,,,,,,,,,,,,,,,,
,,,,,,,,,,,,,,,,,,,,
,,,,,,,,,,,,,,,,,,,,
,,,,,,,,,,,,,,,,,,,,
,,,,,,,,,,,,,,,,,,,,
,,,,,,,,,,,,,,,,,,,,
,,,,,,,,,,,,,,,,,,,,
,,,,,,,,,,,,,,,,,,,,
,,,,,,,,,,,,,,,,,,,,
,,,,,,,,,,,,,,,,,,,,
,,,,,,,,,,,,,,,,,,,,
,,,,,,,,,,,,,,,,,,,,
,,,,,,,,,,,,,,,,,,,,
,,,,,,,,,,,,,,,,,,,,
,,,,,,,,,,,,,,,,,,,,
,,,,,,,,,,,,,,,,,,,,
,,,,,,,,,,,,,,,,,,,,
,,,,,,,,,,,,,,,,,,,,
,,,,,,,,,,,,,,,,,,,,
,,,,,,,,,,,,,,,,,,,,
,,,,,,,,,,,,,,,,,,,,
,,,,,,,,,,,,,,,,,,,,
,,,,,,,,,,,,,,,,,,,,
,,,,,,,,,,,,,,,,,,,,
,,,,,,,,,,,,,,,,,,,,
,,,,,,,,,,,,,,,,,,,,
,,,,,,,,,,,,,,,,,,,,
,,,,,,,,,,,,,,,,,,,,
,,,,,,,,,,,,,,,,,,,,
,,,,,,,,,,,,,,,,,,,,
,,,,,,,,,,,,,,,,,,,,
,,,,,,,,,,,,,,,,,,,,
,,,,,,,,,,,,,,,,,,,,
,,,,,,,,,,,,,,,,,,,,
,,,,,,,,,,,,,,,,,,,,
,,,,,,,,,,,,,,,,,,,,
,,,,,,,,,,,,,,,,,,,,
,,,,,,,,,,,,,,,,,,,,
,,,,,,,,,,,,,,,,,,,,
,,,,,,,,,,,,,,,,,,,,
,,,,,,,,,,,,,,,,,,,,
,,,,,,,,,,,,,,,,,,,,
,,,,,,,,,,,,,,,,,,,,
,,,,,,,,,,,,,,,,,,,,
,,,,,,,,,,,,,,,,,,,,
,,,,,,,,,,,,,,,,,,,,
,,,,,,,,,,,,,,,,,,,,
,,,,,,,,,,,,,,,,,,,,
,,,,,,,,,,,,,,,,,,,,
,,,,,,,,,,,,,,,,,,,,
,,,,,,,,,,,,,,,,,,,,
,,,,,,,,,,,,,,,,,,,,
,,,,,,,,,,,,,,,,,,,,
,,,,,,,,,,,,,,,,,,,,
,,,,,,,,,,,,,,,,,,,,
,,,,,,,,,,,,,,,,,,,,
,,,,,,,,,,,,,,,,,,,,
,,,,,,,,,,,,,,,,,,,,
,,,,,,,,,,,,,,,,,,,,
,,,,,,,,,,,,,,,,,,,,
,,,,,,,,,,,,,,,,,,,,
,,,,,,,,,,,,,,,,,,,,
,,,,,,,,,,,,,,,,,,,,
,,,,,,,,,,,,,,,,,,,,
,,,,,,,,,,,,,,,,,,,,
,,,,,,,,,,,,,,,,,,,,
,,,,,,,,,,,,,,,,,,,,
,,,,,,,,,,,,,,,,,,,,
,,,,,,,,,,,,,,,,,,,,
,,,,,,,,,,,,,,,,,,,,
,,,,,,,,,,,,,,,,,,,,
,,,,,,,,,,,,,,,,,,,,
,,,,,,,,,,,,,,,,,,,,
,,,,,,,,,,,,,,,,,,,,
,,,,,,,,,,,,,,,,,,,,
,,,,,,,,,,,,,,,,,,,,
,,,,,,,,,,,,,,,,,,,,
,,,,,,,,,,,,,,,,,,,,
,,,,,,,,,,,,,,,,,,,,
,,,,,,,,,,,,,,,,,,,,
,,,,,,,,,,,,,,,,,,,,
,,,,,,,,,,,,,,,,,,,,
,,,,,,,,,,,,,,,,,,,,
,,,,,,,,,,,,,,,,,,,,
,,,,,,,,,,,,,,,,,,,,
,,,,,,,,,,,,,,,,,,,,
,,,,,,,,,,,,,,,,,,,,
,,,,,,,,,,,,,,,,,,,,
,,,,,,,,,,,,,,,,,,,,
,,,,,,,,,,,,,,,,,,,,
,,,,,,,,,,,,,,,,,,,,
,,,,,,,,,,,,,,,,,,,,
,,,,,,,,,,,,,,,,,,,,
,,,,,,,,,,,,,,,,,,,,
,,,,,,,,,,,,,,,,,,,,
,,,,,,,,,,,,,,,,,,,,
,,,,,,,,,,,,,,,,,,,,
,,,,,,,,,,,,,,,,,,,,
,,,,,,,,,,,,,,,,,,,,
,,,,,,,,,,,,,,,,,,,,
,,,,,,,,,,,,,,,,,,,,
,,,,,,,,,,,,,,,,,,,,
,,,,,,,,,,,,,,,,,,,,
,,,,,,,,,,,,,,,,,,,,
,,,,,,,,,,,,,,,,,,,,
,,,,,,,,,,,,,,,,,,,,
,,,,,,,,,,,,,,,,,,,,
,,,,,,,,,,,,,,,,,,,,
,,,,,,,,,,,,,,,,,,,,
,,,,,,,,,,,,,,,,,,,,
,,,,,,,,,,,,,,,,,,,,
,,,,,,,,,,,,,,,,,,,,
,,,,,,,,,,,,,,,,,,,,
,,,,,,,,,,,,,,,,,,,,
,,,,,,,,,,,,,,,,,,,,
,,,,,,,,,,,,,,,,,,,,
,,,,,,,,,,,,,,,,,,,,
,,,,,,,,,,,,,,,,,,,,
,,,,,,,,,,,,,,,,,,,,
,,,,,,,,,,,,,,,,,,,,
,,,,,,,,,,,,,,,,,,,,
,,,,,,,,,,,,,,,,,,,,
,,,,,,,,,,,,,,,,,,,,
,,,,,,,,,,,,,,,,,,,,
,,,,,,,,,,,,,,,,,,,,
,,,,,,,,,,,,,,,,,,,,
,,,,,,,,,,,,,,,,,,,,
,,,,,,,,,,,,,,,,,,,,
,,,,,,,,,,,,,,,,,,,,
,,,,,,,,,,,,,,,,,,,,
,,,,,,,,,,,,,,,,,,,,
,,,,,,,,,,,,,,,,,,,,
,,,,,,,,,,,,,,,,,,,,
,,,,,,,,,,,,,,,,,,,,
,,,,,,,,,,,,,,,,,,,,
,,,,,,,,,,,,,,,,,,,,
,,,,,,,,,,,,,,,,,,,,
,,,,,,,,,,,,,,,,,,,,
,,,,,,,,,,,,,,,,,,,,
,,,,,,,,,,,,,,,,,,,,
,,,,,,,,,,,,,,,,,,,,
,,,,,,,,,,,,,,,,,,,,
,,,,,,,,,,,,,,,,,,,,
,,,,,,,,,,,,,,,,,,,,
,,,,,,,,,,,,,,,,,,,,
,,,,,,,,,,,,,,,,,,,,
,,,,,,,,,,,,,,,,,,,,
,,,,,,,,,,,,,,,,,,,,
,,,,,,,,,,,,,,,,,,,,
,,,,,,,,,,,,,,,,,,,,
,,,,,,,,,,,,,,,,,,,,
,,,,,,,,,,,,,,,,,,,,
,,,,,,,,,,,,,,,,,,,,
,,,,,,,,,,,,,,,,,,,,
,,,,,,,,,,,,,,,,,,,,
,,,,,,,,,,,,,,,,,,,,
,,,,,,,,,,,,,,,,,,,,
,,,,,,,,,,,,,,,,,,,,
,,,,,,,,,,,,,,,,,,,,
,,,,,,,,,,,,,,,,,,,,
,,,,,,,,,,,,,,,,,,,,
,,,,,,,,,,,,,,,,,,,,
,,,,,,,,,,,,,,,,,,,,
,,,,,,,,,,,,,,,,,,,,
,,,,,,,,,,,,,,,,,,,,
,,,,,,,,,,,,,,,,,,,,
,,,,,,,,,,,,,,,,,,,,
,,,,,,,,,,,,,,,,,,,,
,,,,,,,,,,,,,,,,,,,,
,,,,,,,,,,,,,,,,,,,,
,,,,,,,,,,,,,,,,,,,,
,,,,,,,,,,,,,,,,,,,,
,,,,,,,,,,,,,,,,,,,,
,,,,,,,,,,,,,,,,,,,,
,,,,,,,,,,,,,,,,,,,,
,,,,,,,,,,,,,,,,,,,,
,,,,,,,,,,,,,,,,,,,,
,,,,,,,,,,,,,,,,,,,,
,,,,,,,,,,,,,,,,,,,,
,,,,,,,,,,,,,,,,,,,,
,,,,,,,,,,,,,,,,,,,,
,,,,,,,,,,,,,,,,,,,,
,,,,,,,,,,,,,,,,,,,,
,,,,,,,,,,,,,,,,,,,,
,,,,,,,,,,,,,,,,,,,,
,,,,,,,,,,,,,,,,,,,,
,,,,,,,,,,,,,,,,,,,,
,,,,,,,,,,,,,,,,,,,,
,,,,,,,,,,,,,,,,,,,,
,,,,,,,,,,,,,,,,,,,,
,,,,,,,,,,,,,,,,,,,,
,,,,,,,,,,,,,,,,,,,,
,,,,,,,,,,,,,,,,,,,,
,,,,,,,,,,,,,,,,,,,,
,,,,,,,,,,,,,,,,,,,,
,,,,,,,,,,,,,,,,,,,,
,,,,,,,,,,,,,,,,,,,,
,,,,,,,,,,,,,,,,,,,,
,,,,,,,,,,,,,,,,,,,,
,,,,,,,,,,,,,,,,,,,,
,,,,,,,,,,,,,,,,,,,,
,,,,,,,,,,,,,,,,,,,,
,,,,,,,,,,,,,,,,,,,,
,,,,,,,,,,,,,,,,,,,,
,,,,,,,,,,,,,,,,,,,,
,,,,,,,,,,,,,,,,,,,,
,,,,,,,,,,,,,,,,,,,,
,,,,,,,,,,,,,,,,,,,,
,,,,,,,,,,,,,,,,,,,,
,,,,,,,,,,,,,,,,,,,,
,,,,,,,,,,,,,,,,,,,,
,,,,,,,,,,,,,,,,,,,,
,,,,,,,,,,,,,,,,,,,,
,,,,,,,,,,,,,,,,,,,,
,,,,,,,,,,,,,,,,,,,,
,,,,,,,,,,,,,,,,,,,,
,,,,,,,,,,,,,,,,,,,,
,,,,,,,,,,,,,,,,,,,,
,,,,,,,,,,,,,,,,,,,,
,,,,,,,,,,,,,,,,,,,,
,,,,,,,,,,,,,,,,,,,,
,,,,,,,,,,,,,,,,,,,,
,,,,,,,,,,,,,,,,,,,,
,,,,,,,,,,,,,,,,,,,,
,,,,,,,,,,,,,,,,,,,,
,,,,,,,,,,,,,,,,,,,,
,,,,,,,,,,,,,,,,,,,,
,,,,,,,,,,,,,,,,,,,,
,,,,,,,,,,,,,,,,,,,,
,,,,,,,,,,,,,,,,,,,,
,,,,,,,,,,,,,,,,,,,,
,,,,,,,,,,,,,,,,,,,,
,,,,,,,,,,,,,,,,,,,,
,,,,,,,,,,,,,,,,,,,,
,,,,,,,,,,,,,,,,,,,,
,,,,,,,,,,,,,,,,,,,,
,,,,,,,,,,,,,,,,,,,,
,,,,,,,,,,,,,,,,,,,,
,,,,,,,,,,,,,,,,,,,,
,,,,,,,,,,,,,,,,,,,,
,,,,,,,,,,,,,,,,,,,,
,,,,,,,,,,,,,,,,,,,,
,,,,,,,,,,,,,,,,,,,,
,,,,,,,,,,,,,,,,,,,,
,,,,,,,,,,,,,,,,,,,,
,,,,,,,,,,,,,,,,,,,,
,,,,,,,,,,,,,,,,,,,,
,,,,,,,,,,,,,,,,,,,,
,,,,,,,,,,,,,,,,,,,,
,,,,,,,,,,,,,,,,,,,,
,,,,,,,,,,,,,,,,,,,,
,,,,,,,,,,,,,,,,,,,,
,,,,,,,,,,,,,,,,,,,,
,,,,,,,,,,,,,,,,,,,,
,,,,,,,,,,,,,,,,,,,,
,,,,,,,,,,,,,,,,,,,,
,,,,,,,,,,,,,,,,,,,,
,,,,,,,,,,,,,,,,,,,,
,,,,,,,,,,,,,,,,,,,,
,,,,,,,,,,,,,,,,,,,,
,,,,,,,,,,,,,,,,,,,,
,,,,,,,,,,,,,,,,,,,,
,,,,,,,,,,,,,,,,,,,,
,,,,,,,,,,,,,,,,,,,,
,,,,,,,,,,,,,,,,,,,,
,,,,,,,,,,,,,,,,,,,,
,,,,,,,,,,,,,,,,,,,,
,,,,,,,,,,,,,,,,,,,,
,,,,,,,,,,,,,,,,,,,,
,,,,,,,,,,,,,,,,,,,,
,,,,,,,,,,,,,,,,,,,,
,,,,,,,,,,,,,,,,,,,,
,,,,,,,,,,,,,,,,,,,,
,,,,,,,,,,,,,,,,,,,,
,,,,,,,,,,,,,,,,,,,,
,,,,,,,,,,,,,,,,,,,,
,,,,,,,,,,,,,,,,,,,,
,,,,,,,,,,,,,,,,,,,,
,,,,,,,,,,,,,,,,,,,,
,,,,,,,,,,,,,,,,,,,,
,,,,,,,,,,,,,,,,,,,,
,,,,,,,,,,,,,,,,,,,,
,,,,,,,,,,,,,,,,,,,,
,,,,,,,,,,,,,,,,,,,,
,,,,,,,,,,,,,,,,,,,,
,,,,,,,,,,,,,,,,,,,,
,,,,,,,,,,,,,,,,,,,,
,,,,,,,,,,,,,,,,,,,,
,,,,,,,,,,,,,,,,,,,,
,,,,,,,,,,,,,,,,,,,,
,,,,,,,,,,,,,,,,,,,,
,,,,,,,,,,,,,,,,,,,,
,,,,,,,,,,,,,,,,,,,,
,,,,,,,,,,,,,,,,,,,,
,,,,,,,,,,,,,,,,,,,,
,,,,,,,,,,,,,,,,,,,,
,,,,,,,,,,,,,,,,,,,,
,,,,,,,,,,,,,,,,,,,,
,,,,,,,,,,,,,,,,,,,,
,,,,,,,,,,,,,,,,,,,,
,,,,,,,,,,,,,,,,,,,,
,,,,,,,,,,,,,,,,,,,,
,,,,,,,,,,,,,,,,,,,,
,,,,,,,,,,,,,,,,,,,,
,,,,,,,,,,,,,,,,,,,,
,,,,,,,,,,,,,,,,,,,,
,,,,,,,,,,,,,,,,,,,,
,,,,,,,,,,,,,,,,,,,,
,,,,,,,,,,,,,,,,,,,,
,,,,,,,,,,,,,,,,,,,,
,,,,,,,,,,,,,,,,,,,,
,,,,,,,,,,,,,,,,,,,,
,,,,,,,,,,,,,,,,,,,,
,,,,,,,,,,,,,,,,,,,,
,,,,,,,,,,,,,,,,,,,,
,,,,,,,,,,,,,,,,,,,,
,,,,,,,,,,,,,,,,,,,,
,,,,,,,,,,,,,,,,,,,,
,,,,,,,,,,,,,,,,,,,,
,,,,,,,,,,,,,,,,,,,,
,,,,,,,,,,,,,,,,,,,,
,,,,,,,,,,,,,,,,,,,,
,,,,,,,,,,,,,,,,,,,,
,,,,,,,,,,,,,,,,,,,,
,,,,,,,,,,,,,,,,,,,,
,,,,,,,,,,,,,,,,,,,,
,,,,,,,,,,,,,,,,,,,,
,,,,,,,,,,,,,,,,,,,,
,,,,,,,,,,,,,,,,,,,,
,,,,,,,,,,,,,,,,,,,,
,,,,,,,,,,,,,,,,,,,,
,,,,,,,,,,,,,,,,,,,,
,,,,,,,,,,,,,,,,,,,,
,,,,,,,,,,,,,,,,,,,,